CPU times,RSS memory,VMS memory,Shared memory,Text segment,Data segment,Library code,Memory Percent
1.1,3887142.2803738317,7125202.542056074,2962135.3271028036,20288.59813084112,1367298.3925233644,0.0,0.04762319662387448
1.05,10706783.37254902,13671243.294117646,3191868.2352941176,12167.529411764706,7932225.2549019605,0.0,0.1311738066122688
0.19,1925399.2727272727,6064407.2727272725,1753274.1818181819,16011.636363636364,392285.0909090909,0.0,0.02358896627157605
1.15,10152195.991091315,16808524.40089087,2197718.3786191535,8173.755011135858,11029679.608017817,0.0,0.12437929743115912
2.86,5384784.644688644,8613212.835164836,3056666.2564102565,20404.981684981685,2822279.032967033,0.0,0.06597151311028525
0.31000000000000005,1936869.0526315789,6164614.736842105,1757830.7368421052,16276.21052631579,398767.15789473685,0.0,0.023729487905263903
0.81,9612074.585086042,16145711.479923518,2087448.4741873804,8176.336520076482,10365041.560229445,0.0,0.1177918582208185
4.22,6146578.962962963,9100684.958024692,3032374.9925925927,20378.864197530864,3317163.298765432,0.0,0.07530461130669032
0.45,7727476.363636363,10544593.454545455,3182312.727272727,12008.727272727272,4880477.090909091,0.0,0.09467292415043915
0.11000000000000001,1919658.6666666667,6122700.8,1741837.6533333333,16165.546666666667,396055.8933333333,0.0,0.023518635424016252
0.6,10013849.061052632,16755321.802105263,2138439.68,8157.507368421053,10987964.092631578,0.0,0.12268085820956809
2.08,4742600.237623762,7755025.742574258,3054622.415841584,20175.841584158417,2028919.1287128713,0.0,0.05810381183244711
4.74,22737811.256637167,25742888.778761063,3032471.7876106193,12260.814159292035,19959871.433628317,0.0,0.27857887904562767
0.29,1955422.1806020066,6184686.02006689,1779883.237458194,16329.204013377926,400065.4983277592,0.0,0.023956790946314227
0.67,9326754.53968254,15778450.285714285,2193570.5396825396,8175.746031746032,9998197.841269841,0.0,0.11426642846301939
1.61,4404019.2,7413548.593548387,2966719.587096774,20347.870967741936,1638822.812903226,0.0,0.05395569731415847
0.67,11156883.393939395,13876937.696969697,3174586.1818181816,12101.818181818182,8168913.454545454,0.0,0.13668819231595428
0.13,1941708.8,6193029.12,1761845.248,16351.232,400605.184,0.0,0.02378878191199464
0.95,11049964.32760364,18030608.566228513,2187885.233569262,8183.716885743175,12244720.72800809,0.0,0.1353782768686455
2.94,4204281.435897436,7166859.721611721,3004768.586080586,20329.96336996337,1397216.1172161172,0.0,0.05150861662429114
1.53,12329103.216783216,15270747.300699301,3004688.111888112,12116.13986013986,9555968.0,0.0,0.15104960516969915
0.51,1978948.6590038314,6181664.3678160915,1803495.478927203,16321.226053639846,399870.03831417626,0.0,0.024245024827655403
1.15,19323273.626740947,27111481.04735376,2402885.8830083567,8180.590529247911,21327803.54317549,0.0,0.23673845539163293
10.63,7582884.626895854,10859564.52173913,2982964.804853387,20459.292214357938,5053217.391304348,0.0,0.0929014632127359
0.05,1358010.1818181819,2003688.7272727273,742493.0909090909,2792.7272727272725,685335.2727272727,0.0,0.01663761736545724
0.4,1956598.5865470853,6151207.49058296,1782017.1479820628,16237.058295964125,398965.0941704036,0.0,0.023971203645308015
0.7000000000000001,11847053.51989026,18590322.48010974,2151973.2235939642,8090.864197530864,12870081.49245542,0.0,0.14517903349027175
6.2,7996677.555926545,11158652.794657763,3139307.058430718,20411.61936560935,5365835.21869783,0.0,0.09797103376081867
0.91,10116049.454545455,13088069.818181818,3150382.5454545454,12148.363636363636,7358091.636363637,0.0,0.12393644931986515
0.19999999999999998,1970518.6311787071,6193642.585551331,1794725.475285171,16352.851711026617,400644.8669201521,0.0,0.024141744617232303
0.5,6001251.546118115,11327660.591904446,1944662.295952223,8186.56403450564,5539759.819508959,0.0,0.0735241372082284
1.3,4462624.507936508,7575454.476190476,3023238.095238095,20317.460317460318,1809359.238095238,0.0,0.05467369832923707
0.26,5705296.842105263,7747045.052631579,2142315.789473684,8084.210526315789,3927525.052631579,0.0,0.06989825782323016
0.15,1919742.5698324023,6188106.368715084,1740021.9888268157,16338.234636871508,400286.74860335194,0.0,0.023519663360909524
0.6,8909025.417449664,15128823.409395972,2052348.9073825504,8131.522147651007,9379837.251006711,0.0,0.10916587752368449
1.14,4024628.1061946903,7091045.946902655,2896089.4867256638,19755.04424778761,1484564.389380531,0.0,0.04930759972615357
0.06,2177706.6666666665,3370666.6666666665,1365333.3333333333,5120.0,955733.3333333334,0.0,0.026680102063517713
0.06,1934282.105263158,6042138.947368421,1758800.8421052631,15952.842105263158,390844.63157894736,0.0,0.02369779400411608
0.37,10813488.41607565,16882114.269503545,2160228.463356974,8133.900709219858,11131446.468085106,0.0,0.13248109996612595
2.2699999999999996,5348798.836363636,8521802.472727273,3086578.036363636,20386.909090909092,2735997.672727273,0.0,0.06553063415553657
1.07,17620367.84761905,20622462.78095238,3105743.238095238,12053.942857142858,14937019.733333332,0.0,0.2158753608863153
0.07,1861420.1379310344,5838615.960591133,1691849.7733990147,15415.487684729063,377679.4482758621,0.0,0.022805127992331645
0.9,8914095.494176373,15025550.12756517,2120639.8225180255,8173.825845812535,9246655.254575707,0.0,0.10922499989547499
1.63,4606356.382165605,7710237.350318471,3133831.3375796177,20349.554140127388,1935033.8853503184,0.0,0.05643462468948113
0.26,6252316.444444444,8863592.296296297,2984770.3703703703,11377.777777777777,3496163.5555555555,0.0,0.0766000506057693
0.36,2012597.7098039216,6197328.31372549,1832609.2967320262,16362.583006535948,400883.2836601307,0.0,0.024657275073948114
0.64,4430539.47012987,9408017.288311688,1923141.1532467532,8186.680519480519,3620034.1610389613,0.0,0.05428060953702427
1.63,4621402.734177215,7598157.772151899,3138028.5569620254,20350.379746835442,1822720.0,0.0,0.05661896457946632
1.31,16668000.0,19627904.0,3096704.0,12192.0,13877344.0,0.0,0.20420745732270995
0.16,1978028.9574944072,6191557.583892617,1802294.9798657717,16347.346756152125,400509.99552572705,0.0,0.024233757134666585
0.7799999999999999,10165094.328190744,17013146.74894811,2253676.072931276,8186.255259467041,11225464.280504908,0.0,0.12453732098664107
0.96,3923709.305263158,6833550.821052631,3038455.915789474,19833.263157894737,1204870.7368421052,0.0,0.04810605962563064
0.01,954368.0,1590886.4,616038.4,2457.6,431718.4,0.0,0.011692408365140364
0.18,1903903.3469387756,5989882.775510204,1733924.5714285714,15798.857142857143,392009.14285714284,0.0,0.023325609639222675
0.76,10858257.425964912,17542808.701754387,2167815.9045614037,8157.507368421053,11775450.992280701,0.0,0.13303191024723857
7.11,9166067.237536658,12291171.096774194,3075675.589442815,20449.9706744868,6487469.419354838,0.0,0.11229777323172314
0.07,3146472.727272727,4975895.2727272725,2072203.6363636365,7819.636363636364,1287633.4545454546,0.0,0.038544345796750264
0.1,2039150.734883721,6191008.7441860465,1863432.3348837208,16345.897674418604,400474.49302325584,0.0,0.024982588593012795
0.76,10622455.178497588,17446501.270847693,2148951.8621640247,8163.771192281185,11674715.037904894,0.0,0.13014066249852632
1.26,4249667.147540984,7284030.950819672,3054944.524590164,20312.131147540982,1519448.1311475409,0.0,0.05206465818737685
0.03,3606528.0,5864448.0,2347008.0,9216.0,1517568.0,0.0,0.04418525993779438
0.15,1961419.6622222222,6177860.266666667,1786074.4533333334,16311.182222222222,399623.96444444446,0.0,0.02403026889639838
0.81,12141268.84515637,19241127.151792526,2279625.519450801,8173.254004576659,13462636.570556827,0.0,0.14874835850376802
4.22,6305328.0366132725,9354701.6201373,2838218.691075515,19074.05034324943,3938767.9633867275,0.0,0.07724952039491231
0.3,7161680.457142857,9537477.485714287,2708041.1428571427,10181.485714285714,4735210.057142857,0.0,0.08774109409112571
0.05,1993993.4814814816,6090524.444444444,1817106.962962963,16080.592592592593,393974.51851851854,0.0,0.02442934597860516
0.75,11039613.006877579,17669651.015130673,2247841.9807427786,8163.829436038514,11897823.603851445,0.0,0.13525145800103136
4.3,7027561.484337349,9957257.561445784,3018051.238554217,20282.602409638555,4201054.997590361,0.0,0.0860979398785425
3.12,16451890.179401994,19400302.564784054,3113585.9667774085,12083.880398671095,13700738.976744186,0.0,0.2015597949176962
0.28,2013105.1093990754,6186316.918335902,1833436.499229584,16333.510015408321,400170.99537750386,0.0,0.024663491463507093
0.78,10819468.186113099,17637493.279885467,2256435.676449535,8150.952040085898,11874770.187544739,0.0,0.13254875720566334
4.61,7153239.639639639,10137609.225225225,3123402.954954955,20387.747747747748,4351566.414414414,0.0,0.08763768169131461
1.45,16762516.879432624,19546024.85106383,3218090.6666666665,12113.702127659575,13832395.34751773,0.0,0.2053654277824539
0.19,1862807.626774848,5933525.419878297,1690509.7606490871,15652.868154158215,387566.3448275862,0.0,0.022822126766561104
0.8400000000000001,6371433.775824176,12084471.56043956,2021585.301098901,8187.498901098901,6295909.837362638,0.0,0.07805229898512189
5.37,6933984.0,10069184.0,3143672.0,20440.0,4268312.0,0.0,0.08495147838710992
2.5,20789595.118644066,23763395.254237287,3067036.2033898304,12235.93220338983,17992113.898305085,0.0,0.2547030452331977
0.63,1932409.4915254237,6163369.220338983,1753407.3491525424,16272.922033898305,398686.58983050846,0.0,0.0236748517381016
0.86,10404151.482889734,17336654.844106466,2185901.2623574142,8176.425855513308,11555921.764258554,0.0,0.12746612190552015
1.41,4174251.9402985075,7276971.940298508,3034218.9850746267,20174.328358208953,1551497.552238806,0.0,0.05114071124026554
1.02,9667193.402061855,12388710.927835051,3222665.237113402,12161.319587628866,6652621.855670103,0.0,0.11843730406059078
0.46,1978213.1092436975,6179366.722689075,1798746.3529411764,16315.159663865546,399721.4117647059,0.0,0.02423601326380541
0.7100000000000001,10695071.929359823,17424827.05518764,2197716.485651214,8173.916114790287,11645868.362030905,0.0,0.13108704210569094
0.32,3374046.9677419355,6279300.129032258,3036325.1612903224,19819.354838709678,654567.2258064516,0.0,0.04133702616810526
0.72,11998846.144927537,14682438.492753623,3217081.507246377,12109.91304347826,8970596.173913043,0.0,0.14700347144600726
0.08,1892457.0256410257,5887212.307692308,1721475.282051282,15543.794871794871,380822.9743589744,0.0,0.023185375407886455
1.1600000000000001,9310359.703703703,15808212.584795322,2105551.59454191,8176.03118908382,10027758.53411306,0.0,0.11406556766577562
5.52,7094594.953846154,10018233.107692307,3143766.6461538463,20440.615384615383,4217186.461538462,0.0,0.0869191982397083
0.14,7602995.2,10293521.066666666,2927820.8,11468.8,4884070.4,0.0,0.09314784724194652
0.16,1935107.506849315,6120433.97260274,1757352.3287671234,16159.561643835616,395909.2602739726,0.0,0.023707906384676427
1.19,10726370.742857143,17574972.764835164,2211731.973626374,8173.9956043956045,11795957.872527473,0.0,0.13141378063952236
3.27,5792134.095238095,8759146.463492064,2980587.6825396824,20414.984126984127,2965373.9682539683,0.0,0.07096214159231748
0.13,7599250.285714285,10170368.0,3031332.5714285714,11410.285714285714,4788516.571428572,0.0,0.09310196654695149
0.07,1945173.3333333333,6076160.0,1768704.0,16042.666666666666,393045.3333333333,0.0,0.023831227528914024
0.98,10700096.42013129,18051573.916849017,2132850.8358862144,8174.074398249453,12272503.317286652,0.0,0.1311553503462969
5.82,7441840.598930481,10421866.780748663,3095144.95543672,20443.49376114082,4620003.251336899,0.0,0.0911734669131572
0.17,7633016.470588235,10462629.647058824,2999235.7647058824,11565.176470588236,5007721.411764706,0.0,0.09351565185752256
0.08,1927529.4117647058,6083764.705882353,1754854.9019607843,16062.745098039215,393537.2549019608,0.0,0.02361506360038449
1.25,10987163.465587044,17894445.603238866,2223655.3846153845,8175.417004048583,12114425.781376518,0.0,0.13460887415985723
1.77,4266666.666666667,7446113.523809524,3086287.238095238,20358.095238095237,1668486.0952380951,0.0,0.05227292724043447
0.45,7337364.837209302,10173892.46511628,3044566.3255813955,12002.232558139534,4512839.441860465,0.0,0.08989348553249138
0.45,1985161.8461538462,6175606.153846154,1805804.3076923077,16305.23076923077,399478.1538461539,0.0,0.024321145486988906
0.86,10012917.76,16865465.397894736,2137680.8421052634,8174.753684210526,11085914.543157894,0.0,0.12267293473428138
5.02,6470967.2788259955,9602063.027253669,3094171.6394129978,20437.06498951782,3802023.9832285116,0.0,0.07927884415811774
1.35,14980647.384615384,17919243.815384615,3162112.0,12193.476923076923,12167987.2,0.0,0.18353491189467228
0.15,1917235.2,6127872.0,1743308.8,16179.2,396390.4,0.0,0.023488944401343675
1.28,9835275.088512242,16174224.63276836,2152397.8606403014,8176.572504708098,10393387.871939735,0.0,0.12049655134956037
5.35,6553737.612648222,9754389.249011857,3098632.09486166,20439.525691699604,3953651.85770751,0.0,0.08029290219817034
0.96,16691655.111111112,19574601.955555554,3147047.822222222,12151.466666666667,13843160.177777778,0.0,0.20449726714348482
0.31,1934280.6486486488,6080844.108108108,1761695.1351351351,16051.891891891892,394240.0,0.0,0.023697776158450975
1.1600000000000001,10186360.662420383,17006792.016985137,2173297.5966029726,8174.607218683652,11227344.713375796,0.0,0.12479786478551347
8.54,9708954.841212122,12845557.44969697,3076458.433939394,20455.17575757576,7040378.569696969,0.0,0.11895295752846889
2.42,19327230.901287552,22298026.300429184,3013038.69527897,12182.523605150214,16551936.0,0.0,0.23678693781142568
0.22,1921892.8484848484,6142758.787878788,1747543.9191919193,16218.505050505051,397353.37373737374,0.0,0.02354600742955308
0.73,10012196.202020202,16655304.145454545,2109481.373737374,8175.450505050505,10875260.63838384,0.0,0.12266409459027083
9.15,9945914.672748005,12979948.442417331,3064405.819840365,20456.647662485746,7174351.835803877,0.0,0.12185582512562214
0.68,9183293.134328358,12068222.089552239,3091562.9850746267,11921.194029850747,6445392.23880597,0.0,0.11250881574335794
0.31,1952426.6666666667,6162346.666666667,1777521.7777777778,16270.222222222223,398620.44444444444,0.0,0.023920091505222757
0.45,11262611.856801908,18523588.12410501,2200363.3794749402,8172.448687350835,12745666.902147971,0.0,0.13793274028289626
4.279999999999999,5640151.445544555,8792864.95049505,2986764.673267327,20429.30693069307,2995027.6435643565,0.0,0.06910013112608962
0.96,14848934.956521738,17799657.739130434,3151872.0,12154.434782608696,12066816.0,0.0,0.18192124138598526
0.19,1957263.4977578474,6177612.914798207,1781925.3094170403,16310.529147982063,399607.96412556054,0.0,0.023979349783278356
0.44,10762796.912280701,17696435.649122808,2258324.210526316,8174.035087719299,11917392.842105264,0.0,0.13186005466387973
6.95,8292021.874626866,11371547.510447761,3075594.6985074626,20449.432835820895,5567998.471641791,0.0,0.10158943503010655
1.27,16599903.20661157,19608601.388429753,3249583.603305785,12186.446280991735,13860660.892561983,0.0,0.20337317168377989
0.36000000000000004,2034262.9433962265,6176169.0566037735,1858965.7358490566,16306.716981132075,399514.56603773584,0.0,0.024922705975327246
0.79,9631299.505070994,16300260.478701826,2089591.4320486817,8158.766734279919,10532012.397565924,0.0,0.11799755115454871
0.44,3266893.395348837,6471584.7441860465,2916542.511627907,20003.720930232557,794528.7441860465,0.0,0.04002423767749812
0.13,6275657.142857143,9017929.142857144,2959067.4285714286,11410.285714285714,3636077.714285714,0.0,0.07688600840964463
0.1,1923513.7254901961,6083764.705882353,1750839.2156862745,16062.745098039215,393537.2549019608,0.0,0.02356586555121701
0.8799999999999999,10094198.153846154,16625165.128205128,2148264.4786324785,8156.991452991453,10858172.17094017,0.0,0.12372363880032204
6.9,7894122.797546012,10887205.693251533,3022301.4478527606,20448.588957055214,5083896.147239264,0.0,0.09671458748980602
0.04,4613734.4,6920601.6,2621440.0,9830.4,2283929.6,0.0,0.05652501623388029
0.11000000000000001,1902811.4285714286,6094628.571428572,1729828.5714285714,16091.42857142857,394240.0,0.0,0.023312232037026853
0.73,10886856.347826088,17891238.95652174,2178199.3739130436,8156.382608695652,12124676.452173913,0.0,0.1333799647844471
3.15,5122744.32,8310647.466666667,3074007.04,20411.733333333334,2517797.546666667,0.0,0.06277217467755536
0.51,7882792.156862745,10721882.352941176,3047905.882352941,12047.058823529413,5039686.274509804,0.0,0.09657577051573903
0.47,1940873.8461538462,6177361.085972851,1761465.3393665159,16309.864253393665,399591.6742081448,0.0,0.02377855250223329
1.04,13212095.120610688,20992056.28091603,2238116.934351145,8179.493129770993,15209154.638167938,0.0,0.16186755162501115
6.02,6629819.972027972,9532501.93006993,3144317.314685315,20444.195804195806,3730439.160839161,0.0,0.08122502273789044
3.1199999999999997,14839414.153846154,17687604.512820512,3023215.5897435895,11657.846153846154,12188987.076923076,0.0,0.1818045975831268
0.01,1922216.8701754387,5845178.835087719,1756364.8,15406.708771929825,385512.6456140351,0.0,0.023549977170706893
1.04,4496436.337777778,9342215.964444444,1976547.5555555555,8182.897777777778,3556907.2355555557,0.0,0.0550879428576343
12.4,9882818.297435898,12829977.818803418,3159409.3401709404,20462.495726495727,7022721.531623932,0.0,0.12107902542006818
0.78,11653396.756756756,14472883.891891891,3175728.4324324327,12121.945945945947,8755366.054054054,0.0,0.14277120955543604
0.46,1974642.2598870057,6193753.6723163845,1794757.6647834275,16353.145009416196,400652.0527306968,0.0,0.0241922651196
1.3599999999999999,6259252.780039396,11764075.072882468,2080391.479973736,8181.242284963887,5979936.777413,0.0,0.07670190101230637
0.55,3300465.777777778,6507026.962962963,2934708.1481481483,20100.74074074074,802436.7407407408,0.0,0.040435548623747194
1.32,13342972.061538462,16288878.276923077,2961597.046153846,11815.384615384615,10715955.2,0.0,0.1634709861899882
0.19,1952213.094972067,6136105.474860335,1778053.0055865922,16200.938547486034,396922.9944134078,0.0,0.023917474938585457
1.04,10289636.775300171,16879749.488850772,2230092.8439108063,8177.9485420240135,11097939.869639793,0.0,0.12606314870760094
9.56,8750141.033112584,12073285.509933775,2986779.690949227,20457.395143487858,6267476.768211921,0.0,0.10720206692986566
0.11,2760704.0,4123306.6666666665,1496234.6666666667,5632.0,1460736.0,0.0,0.033822674841650656
0.4,1939267.2442396313,6198290.875576037,1763342.1566820277,16365.124423963134,400945.5483870968,0.0,0.02375886927138192
1.1199999999999999,11182646.920415225,18121327.612456746,2298082.76816609,8177.826989619377,12339603.930795848,0.0,0.1370038333186715
1.28,4235363.096774193,7107584.0,3103050.3225806453,20149.677419354837,1389105.5483870967,0.0,0.0519161223564321
0.77,15383659.789473685,18311545.263157893,3039447.5789473685,12126.315789473685,12591966.315789474,0.0,0.18851598431722358
0.23,1938426.0809248555,6169570.404624278,1759243.838150289,16289.29479768786,399087.7225433526,0.0,0.023748563786518368
0.8500000000000001,9576132.005822416,16653477.44978166,2103936.9315866083,8180.075691411936,10870163.935953422,0.0,0.11732166834026941
5.92,6850064.398576512,9936903.288256228,3074711.231316726,20443.55871886121,4135021.3238434163,0.0,0.08392334013259681
1.02,12101197.575757576,14978203.151515152,3102161.4545454546,12039.757575757576,9299202.585858585,0.0,0.14825742665617866
0.1,1922235.4929577464,6118039.436619719,1744549.8591549296,16153.239436619719,395754.3661971831,0.0,0.023550205327115836
1.07,6858249.274203623,12655281.489069331,1994846.660836977,8186.883198001249,6867155.068082448,0.0,0.08402361686887659
3.86,6094281.886178861,9246747.750677507,2981976.802168022,20424.49864498645,3450275.035230352,0.0,0.07466389537943596
3.32,17820326.35962145,20755672.42902208,3075359.4952681386,12171.709779179811,15014605.123028392,0.0,0.2183251460618636
0.13,1983203.5555555555,6119253.333333333,1809521.7777777778,16156.444444444445,395832.8888888889,0.0,0.02429715355371713
1.0699999999999998,23381472.18079096,38089643.53446328,2654300.5649717515,8173.4870056497175,32310988.221468925,0.0,0.28645734236267095
2.3,5082553.457777778,8206254.08,3111867.7333333334,20206.933333333334,2471344.355555556,0.0,0.062268737600164874
0.07,3525692.2352941176,4508973.176470588,1151698.8235294118,4336.941176470588,2463382.588235294,0.0,0.04319490320805325
0.09,1966412.6700507614,6143334.659898478,1787997.5634517767,16217.664974619289,398060.5076142132,0.0,0.024091440568648113
0.59,4272564.446722812,9168908.748443794,1982206.0314902966,8189.0003661662395,3379285.4895642623,0.0,0.05234518370006397
2.96,5693664.438356165,8735561.643835617,2930393.4246575343,19989.04109589041,3061830.1369863013,0.0,0.06975574380882171
0.97,13781620.594059406,16383067.247524753,2951391.0495049506,11314.69306930693,11044843.722772278,0.0,0.16902195351649354
0.25,1954633.2498537155,6143712.393212405,1776201.998829725,16221.022820362785,397415.05909888825,0.0,0.023947125387032038
0.78,7692659.80952381,13695055.238095239,2076172.1904761905,8179.809523809524,7911929.904761905,0.0,0.09424749040962031
1.68,4404498.731707317,7558518.634146341,2953615.6097560977,20230.243902439026,1817175.4146341463,0.0,0.05396157228120049
0.71,9274187.294117646,12301010.823529411,3087360.0,12107.29411764706,6590403.764705882,0.0,0.1136224025717748
0.18,1951084.088888889,6170965.333333333,1771861.3333333333,16292.977777777778,399177.9555555555,0.0,0.023903642957451097
1.11,13016038.203723988,20245119.29901424,2515886.1248630886,8183.027382256298,14459718.939759037,0.0,0.1594655667145252
5.23,7193593.892644135,10144171.514910536,3094507.6421471173,20439.284294234592,4343502.632206759,0.0,0.0881320805033013
0.7,13189350.760563381,15919998.197183099,3007040.9014084507,11595.718309859154,10450338.253521128,0.0,0.16158889984113248
0.14,1579755.6825396826,4995169.523809524,1434802.7936507936,13133.20634920635,338830.22222222225,0.0,0.019354325121342046
0.61,8347710.727565825,14158110.12573885,2036924.7329392799,8189.799032778076,8367922.20956475,0.0,0.10227170519208728
3.39,6153470.448484848,9114754.327272728,3076542.8363636364,20293.81818181818,3355120.484848485,0.0,0.07538904211636235
0.49,11400434.036363637,13994319.127272727,2620546.327272727,10277.236363636364,9143761.454545455,0.0,0.13967204505286143
0.33,2042383.238095238,6200822.857142857,1866386.2857142857,16371.809523809523,401109.3333333333,0.0,0.02502219150047697
1.91,14778177.065482797,22698413.602663707,2379539.6048834627,8173.8157602663705,16919525.86015538,0.0,0.18105435339614964
15.53,9499232.597097443,12733662.916378714,2985947.201105736,20451.693158258466,6929444.09122322,0.0,0.11637953774719499
0.05,2894506.6666666665,4201403.733333333,1243545.6,4915.2,1876514.1333333333,0.0,0.035461953839910694
0.45,1952551.3846153845,6175606.153846154,1773193.8461538462,16305.23076923077,399478.1538461539,0.0,0.023921619483095978
0.98,12234018.88998358,19831749.149425287,2239388.7947454844,8178.5484400656815,14049515.402298851,0.0,0.14988468264708074
6.0,6886738.942206655,10048621.394045534,3099330.57793345,20444.13309982487,4246576.420315237,0.0,0.08437265710543009
5.6899999999999995,22750729.516728625,25914546.914498143,3041713.9628252788,12265.159851301116,20129479.851301115,0.0,0.2787298192253327
0.42000000000000004,1940266.585086042,6201484.971319311,1760157.4506054812,16373.557680050988,401152.1631612492,0.0,0.023771112663105203
0.73,36543473.82698962,48247772.567474045,2831328.110726644,8184.913494809689,42461038.7266436,0.0,0.44771117542287653
1.45,4565343.085714285,7422449.371428572,3127325.257142857,20333.714285714286,1651741.2571428572,0.0,0.055932151628241215
0.52,10185226.039215686,13152577.25490196,2919885.8039215687,11806.117647058823,7584025.098039215,0.0,0.12478396398639818
0.16999999999999998,1976889.399103139,6200802.152466368,1796800.095665172,16371.75485799701,401107.99402092677,0.0,0.02421979587227418
1.13,9775229.484393064,16484927.334104046,2155907.107514451,8182.529479768786,10699878.991907515,0.0,0.11976090459286569
1.91,3802219.491712707,6926901.745856354,2928006.364640884,20027.403314917126,1242445.7900552487,0.0,0.0465827678537017
0.09,4977459.2,7537459.2,2867200.0,11059.2,2321203.2,0.0,0.06098117873527285
0.17,1918662.7764705883,6132434.823529412,1744606.8705882353,16191.24705882353,396685.55294117646,0.0,0.02350643430782271
0.95,15419419.125827815,22286458.066225167,2545365.6158940396,8182.958057395143,16501106.719646798,0.0,0.18891410979853498
2.93,5125343.88530466,7991589.620071685,3115044.7025089604,20333.189964157707,2220883.4982078853,0.0,0.06279298312470377
0.19,4448256.0,6687744.0,2368512.0,9216.0,2340864.0,0.0,0.05449766302378728
0.060000000000000005,2002358.857142857,6153293.445378152,1823649.344537815,16246.319327731093,398034.82352941175,0.0,0.024531834105156615
0.8999999999999999,3878713.129621381,8723812.233407572,1848596.8677060134,8188.351002227171,2934648.0748329624,0.0,0.047482262710280665
6.47,7793851.539708266,10792654.62560778,3132450.8525121557,20446.807131280388,4989850.761750405,0.0,0.09548611745107553
6.71,27013364.345368918,29794754.10989011,3271617.3061224488,12268.709576138148,24008012.759811617,0.0,0.33095854992588664
0.15,1918889.8381877022,6185357.669902912,1739249.087378641,16330.977346278318,400108.94498381874,0.0,0.023509216147030106
0.63,5691895.966322235,10394969.252200536,2267741.8568694987,8188.864906238041,4605441.763490241,0.0,0.06973407743148792
5.28,7696917.207100592,10653243.581854044,3125159.1321499012,20399.211045364893,4863947.487179487,0.0,0.09429852964275395
0.02,3121152.0,5032618.666666667,2179072.0,8192.0,1168725.3333333333,0.0,0.038238691734922566
0.14,1942697.009708738,6196302.769230769,1762739.142643764,16359.528005974607,400915.501120239,0.0,0.0238008889309482
0.58,5939119.496855346,11561462.339622641,2014864.9056603773,8179.1194968553455,5778808.754716981,0.0,0.07276292843703915
0.46,3649797.4468085105,6633166.978723404,3038709.1063829786,20044.255319148935,944607.3191489362,0.0,0.04471537415140887
0.44,14048708.46511628,16819033.30232558,3038279.4418604653,11716.46511627907,11292767.255813954,0.0,0.172117292676351
0.16,2001237.3333333333,6162346.666666667,1826332.4444444445,16270.222222222223,398620.44444444444,0.0,0.024518093792853402
0.8,12963819.921568627,20740945.986928105,2242037.9607843137,8178.614379084967,14958665.620915033,0.0,0.15882581613709004
6.09,7277004.185248714,10311781.873070326,3058552.754716981,20444.871355060033,4509527.382504288,0.0,0.08915397897746212
0.15,4795596.8,6987980.8,2310144.0,9216.0,2639872.0,0.0,0.05875309748457654
0.23,1901883.7478705281,6081583.100511073,1725274.275979557,16049.063032367972,395644.2930153322,0.0,0.023300866587234383
0.63,10780672.0,17666291.985559568,2163530.8592057764,8147.638989169675,11905837.285198556,0.0,0.1321254283147793
3.43,5392240.82674772,8448915.063829787,3078212.474164134,20355.50151975684,2672123.3313069907,0.0,0.06606286228112898
3.21,15396877.47368421,18226216.42105263,3253719.5789473685,12247.578947368422,12449441.684210526,0.0,0.18863434122932277
0.22000000000000003,2034397.469767442,6176577.488372093,1859088.669767442,16307.79534883721,399540.9860465116,0.0,0.024924354120768134
0.89,31633250.353264604,40755022.64742268,2817715.81580756,8186.369759450172,34967281.74845361,0.0,0.3875713915402095
5.46,6730427.7005758155,9926777.85796545,2988429.021113244,20440.690978886756,4125709.7581573897,0.0,0.08245761503653169
0.05,727722.6666666666,1235626.6666666667,537258.6666666666,2048.0,269653.3333333333,0.0,0.008915670470128489
0.14,2020738.9966555184,6184686.02006689,1845200.0535117057,16329.204013377926,400065.4983277592,0.0,0.02475701778376918
1.36,13740212.271284271,22193688.38095238,2227467.4516594517,8180.178932178932,16410301.875901876,0.0,0.16837483694775077
1.26,3968621.1147540985,7132243.934426229,3075256.655737705,20312.131147540982,1367661.1147540985,0.0,0.04862143190071699
0.06,4550070.857142857,7049801.142857143,2640164.5714285714,10532.57142857143,2081938.2857142857,0.0,0.05574504441896474
0.12,1949771.851851852,6090524.444444444,1776905.4814814816,16080.592592592593,393974.51851851854,0.0,0.02388756612827316
1.34,12585222.918918919,20307891.891891893,2249209.081081081,8178.1621621621625,14525931.243243244,0.0,0.1541874473309286
9.209999999999999,9650254.947845805,12549038.73015873,3072608.3628117912,20456.780045351476,6743404.553287982,0.0,0.11822978314227611
0.16,6835200.0,9484800.0,2968320.0,11520.0,4051200.0,0.0,0.08374122943917589
0.05,1930986.2423146474,6172412.75949367,1755798.9150090415,16295.11754068716,399748.86075949366,0.0,0.02365741484690454
0.87,6282411.761686526,11800478.3868011,1929745.3638863428,7891.651695692026,6220348.538955087,0.0,0.07699231252909224
9.17,9171046.867579909,12257845.771689497,3126791.01369863,20409.86301369863,6465479.890410959,0.0,0.11235878100647297
1.52,11247813.737931034,14257695.779310346,3164654.3448275863,12203.255172413794,8501827.089655172,0.0,0.13780222245394363
0.27,1992514.3703703703,6147982.222222222,1818017.1851851852,16232.296296296296,397691.25925925927,0.0,0.02441122469716174
0.8500000000000001,12649966.801033592,20133649.860465117,2322241.488372093,8117.912144702842,14394127.214470284,0.0,0.15498065488695445
1.23,4000311.932773109,7124630.588235294,3111170.151260504,20307.899159663866,1361248.8067226892,0.0,0.04900969092208371
3.5,21731990.763848398,24616816.699708454,3051173.690962099,11965.574344023324,18972480.932944607,0.0,0.26624877468479163
0.22999999999999998,1926859.1942098914,6147043.58986731,1752396.2750301568,16225.891435464415,398744.85886610375,0.0,0.023606852451912703
0.64,11004365.687861271,17756357.302504815,2194303.7533718687,8176.215799614643,11975772.732177263,0.0,0.13482600815121734
5.7,7033101.080291971,10091363.03649635,2991410.4525547447,20405.255474452555,4300276.788321168,0.0,0.08617185187609787
1.32,10164321.523809524,13014357.333333334,3216660.3174603176,12092.952380952382,7310319.746031746,0.0,0.1245278529990177
0.25,1950149.3122529644,6180912.569169961,1774717.4703557312,16319.241106719368,399821.4071146245,0.0,0.023892190572042803
0.85,12640059.512915129,20063726.996309962,2263878.848708487,8176.885608856089,14282668.870848708,0.0,0.1548592760703218
5.81,7248611.044883303,10360835.676840216,2996977.752244165,20443.231597845603,4559046.549371634,0.0,0.0888061213461081
0.44,9502243.720930232,12389923.720930232,3180401.11627907,12002.232558139534,6728870.697674419,0.0,0.11641642843243609
0.22,1865631.6235294119,5956138.164705883,1696611.388235294,15709.364705882354,389939.2,0.0,0.022856724870517042
0.86,24152262.672710788,34199672.68902992,2768524.649138713,8184.572982774252,28413179.590208523,0.0,0.29590065688651357
1.62,4517006.582278481,7532803.24050633,3041202.2278481014,20220.759493670885,1794151.6962025317,0.0,0.05533995853593912
5.97,29005477.85915493,32013348.056338027,3146867.38028169,12244.732394366198,26237915.943661973,0.0,0.3553596641497615
0.05,1969945.6,6141900.8,1791573.3333333333,16213.333333333334,398122.6666666667,0.0,0.024134724144472
0.74,10908955.759036144,17935405.23694779,2165106.120481928,8159.100401606425,12166921.253012048,0.0,0.1336507149987221
3.17,5443958.797385621,8453809.359477125,3139061.9607843137,20413.071895424837,2660579.5555555555,0.0,0.06669648330835792
0.02,2344550.4,4204953.6,1813708.8,7372.8,727449.6,0.0,0.028724182610327664
0.11000000000000001,1997845.7872340425,6139424.680851064,1819539.0638297873,16209.702127659575,397137.7021276596,0.0,0.024476542376646964
0.6599999999999999,12225731.595505618,19698331.325842697,2208342.2921348317,8161.318352059925,13928279.25093633,0.0,0.14978315112959636
2.45,4892777.025641026,7727559.111111111,3152677.1965811965,20392.478632478633,1940173.6752136752,0.0,0.05994369784335968
0.14,6149461.333333333,9051067.733333332,2836616.533333333,11468.8,3641617.066666667,0.0,0.07466414016972896
0.37,1936379.1469194312,6176030.331753555,1757009.2890995261,16306.350710900473,399505.5924170616,0.0,0.023723485841440718
0.51,10772611.133709982,17942971.540489644,2157936.331450094,8176.572504708098,12162134.779661017,0.0,0.13198029327701133
1.79,4525603.720930233,7457744.372093023,3086717.023255814,20360.93023255814,1679312.3720930233,0.0,0.05544528609919324
4.04,20174799.87467363,23208845.033942558,3178324.8877284597,12255.916449086162,17428137.77545692,0.0,0.24717954894464794
0.03,1925060.6376811594,6028124.7536231885,1753978.4347826086,15909.101449275362,391850.6666666667,0.0,0.023584817495374534
0.82,8251594.772277228,14351883.828382839,2140274.904290429,8178.481848184819,8569697.161716172,0.0,0.10109414370674892
1.75,4528908.19047619,7562678.857142857,3116373.3333333335,20236.190476190477,1819648.0,0.0,0.05548577069985204
0.34,7077888.0,9965443.878787879,3090121.696969697,11915.636363636364,4345235.393939394,0.0,0.08671451354061176
0.21,1947021.5529411766,6133470.870588236,1772941.5529411766,16191.24705882353,397528.8470588235,0.0,0.023853870931043297
0.49,26312656.062418725,34516304.8946684,2582621.2119635893,8181.347204161249,28732092.4213264,0.0,0.32236864590314
4.529999999999999,6578769.213793104,9756285.940229885,3123110.5471264366,20385.83908045977,3970784.809195402,0.0,0.08059957604161372
0.33,6583513.212121212,9364076.606060605,3177254.787878788,11915.636363636364,3743868.121212121,0.0,0.08075958166938157
0.23,1948816.322147651,6163792.751677852,1769801.8791946308,16274.040268456376,398713.9865771812,0.0,0.02387585948732694
0.85,12511762.699130435,19631052.354782607,2234706.3652173914,8163.506086956521,13859417.933913043,0.0,0.15328745184872491
8.41,9465203.900497513,12405021.293532338,3149997.2139303484,20454.52736318408,6600026.427860697,0.0,0.11596263628279249
0.16,10092544.0,12761315.555555556,2832611.5555555555,10922.666666666666,7609457.777777778,0.0,0.12364847301161314
0.43999999999999995,1979540.3533568904,6183512.650176679,1799953.187279152,16326.106007067137,399989.59717314487,0.0,0.024252273951686526
0.6799999999999999,10866021.209302325,17833854.105708245,2265079.34038055,8174.680761099366,12054354.807610994,0.0,0.13312470376567434
0.56,3522857.890909091,6517331.781818182,2919628.8,20107.636363636364,810784.5818181818,0.0,0.04316017833044091
0.21,6664548.173913044,9374853.56521739,2642810.434782609,10685.217391304348,4333924.173913044,0.0,0.08165049416843585
0.2,1994268.6211180124,6129447.751552795,1816257.9875776398,16180.47204968944,397312.0,0.0,0.02443271684287116
0.87,9849667.368421054,16416291.92982456,2125024.5614035088,8174.035087719299,10637249.122807018,0.0,0.12067287789655197
1.29,3982937.396825397,6995675.428571428,3080126.984126984,20317.460317460318,1229580.1904761905,0.0,0.04879682736268572
1.23,10447264.54237288,13509336.949152542,3192103.0508474577,12183.864406779661,7762614.237288136,0.0,0.1279943201449286
0.37,1906059.4059405942,6144000.0,1727619.8019801981,16221.782178217822,397433.6633663366,0.0,0.023352024525627794
0.76,21312448.277858175,31134715.554269176,2476272.0694645443,8180.144717800289,25351353.23878437,0.0,0.2611087636274987
9.14,9462324.316877153,12389671.090700345,3147195.223880597,20456.486796785302,6585262.879448909,0.0,0.11592931604260567
0.88,10261186.206896551,13013604.045977011,3113336.643678161,12005.51724137931,7351001.747126437,0.0,0.12571458749851244
0.02,1870362.9473684211,5878837.894736842,1699624.4210526317,15521.684210526315,380281.2631578947,0.0,0.02291469052992045
0.7,21983401.985634476,30413764.34158021,2765326.3016759777,8185.462090981644,24626642.643256184,0.0,0.26932893105288125
7.75,8321212.704607046,11203853.181571815,3145372.7913279133,20424.49864498645,5407380.466124661,0.0,0.10194706552971192
3.38,17990069.93710692,21047205.836477987,3148059.371069182,12249.358490566037,15269591.748427672,0.0,0.22040475395454107
0.24000000000000002,1953943.7037037036,6167134.814814814,1774832.1975308643,16282.864197530864,398930.1728395062,0.0,0.023938677434908233
0.54,12813572.035026269,20124731.180385288,2325179.4045534153,8177.653239929948,14343130.339754816,0.0,0.15703005589363694
0.83,3794514.172839506,6874149.925925926,2928235.4567901236,19974.320987654322,1204931.950617284,0.0,0.04648836639132108
0.35,7453432.685714286,10369199.542857142,2865327.5428571426,11585.828571428572,4904550.4,0.0,0.09131548698558242
0.060000000000000005,1954529.28,6143385.6,1776107.52,16220.16,397393.92,0.0,0.023945851603766822
0.62,11725868.52173913,19251734.260869566,2243563.7628458496,8175.810276679842,13471436.395256918,0.0,0.14365909501588348
0.35,3394062.6285714284,6298711.771428571,3059829.0285714287,19894.85714285714,652551.3142857143,0.0,0.04158224738268555
1.1,10046857.846153846,13233900.307692308,3050496.0,12169.846153846154,7493789.538461538,0.0,0.12308875059070044
0.04,1886802.5806451612,6005264.516129033,1712392.2580645161,15855.483870967742,388459.3548387097,0.0,0.023116100159795712
0.75,10959287.12072072,18291769.196396396,2142672.9513513516,8162.47927927928,12520896.345945947,0.0,0.13423298917787427
0.16,3021402.3529411764,5601882.352941177,2717816.470588235,18070.58823529412,473449.4117647059,0.0,0.03701661219360268
10.31,29016546.62295082,32224881.31147541,3102468.1967213117,12262.819672131147,26440918.032786883,0.0,0.3554952727476943
0.08,1939609.8497560977,6199385.912195122,1759561.6780487804,16368.015609756098,401016.3824390244,0.0,0.023763066691671397
0.64,11353528.083857443,18485213.651991613,2210259.9916142556,8174.825995807128,12705611.672955975,0.0,0.13902626082663472
1.01,4014163.5918367347,6993502.040816327,3121737.1428571427,20271.020408163266,1240586.448979592,0.0,0.04917939407045689
0.92,9825245.483146068,12626541.303370787,3203072.0,12011.865168539325,6960944.898876404,0.0,0.12037367396716434
0.25,1944917.3333333333,6125883.076923077,1767003.8974358975,16173.948717948719,396261.74358974356,0.0,0.02382809115327954
1.04,8860746.75721562,15371008.434634974,2070642.7436332768,8178.09168081494,9589097.616298812,0.0,0.10855714934433908
7.37,7879344.501424502,11018881.823361823,3071416.5242165243,20421.652421652423,5223158.518518519,0.0,0.0965335316777993
2.81,17799532.088888887,20571295.28888889,3252360.533333333,12242.488888888889,14796921.362962963,0.0,0.21807038573349938
0.08,2030016.3023622048,6200553.826771653,1849934.211023622,16371.099212598425,401091.93070866144,0.0,0.024870678391471383
0.63,7567343.648702594,13553316.53493014,2407832.78243513,8187.912175648703,7764462.626746507,0.0,0.09271106342624809
0.23,1975349.894736842,3753876.210526316,1776154.9473684211,11856.842105263158,388904.4210526316,0.0,0.024200934684838755
0.16,5918720.0,8335360.0,2713600.0,10240.0,3505493.3333333335,0.0,0.07251300466793059
0.31,1985992.249214061,6203666.510431552,1805819.7565018577,16379.317519291226,401293.279222635,0.0,0.024331319142946648
0.8300000000000001,8284640.037691401,14589392.358068315,2070443.5712603063,8182.351001177856,8804470.200235572,0.0,0.10152925958091917
4.26,6453900.549019608,9584097.88235294,2986837.3333333335,20429.803921568626,3786119.529411765,0.0,0.07906975167560126
0.67,8251911.641791045,11154814.089552239,2892326.2089552237,11554.388059701492,5704260.776119403,0.0,0.10109802582324301
0.14,1984253.305263158,6172779.7894736845,1804977.852631579,16297.768421052631,399295.3263157895,0.0,0.024310014527955993
0.85,11549890.52329749,18887008.34408602,2218160.1720430106,8147.956989247312,13126329.347670252,0.0,0.14150310631858884
1.17,3986907.4285714286,6986788.571428572,3077046.8571428573,20297.14285714286,1226459.4285714286,0.0,0.04884546607688946
0.02,2760704.0,4582058.666666667,2179072.0,8192.0,718165.3333333334,0.0,0.03382267484165066
0.13,1960942.6440677966,6100263.050847458,1783773.2881355933,16106.305084745763,394604.4745762712,0.0,0.024024424724067413
1.2999999999999998,13087995.70076336,20380607.902290076,2363835.9938931298,8179.493129770993,14597706.259541985,0.0,0.15985598084864472
4.64,6091158.826185102,9227391.133182844,3139681.083521445,20387.539503386004,3441407.422121896,0.0,0.07462563331197683
0.14,5624832.0,8317184.0,2694656.0,10752.0,3244288.0,0.0,0.06891244543960946
0.46,2008752.154340836,6185486.8167202575,1833190.4823151126,16331.318327974277,400117.29903536977,0.0,0.024610161376857134
1.2,11187931.42857143,18249200.026272576,2205248.735632184,8178.5484400656815,12466966.27914614,0.0,0.13651970541159353
11.25,10532041.364398882,13795488.32805219,2988595.0568499533,20441.82665424045,7994059.750232992,0.0,0.1290329606096381
5.1,21290207.341563787,24297977.679012347,3212781.037037037,12262.716049382716,18514063.275720164,0.0,0.2608362795232774
0.35,1953876.6280991735,6179797.685950413,1774397.3553719008,16316.297520661157,399749.28925619833,0.0,0.023937855660331322
0.91,8411698.086956521,14297939.47826087,2425828.1739130435,8180.869565217391,8514064.695652174,0.0,0.10203543578646694
1.96,4466775.14893617,7479143.489361702,2970101.1063829786,20371.063829787236,1697835.574468085,0.0,0.054724549771809496
0.11,4859345.454545454,7599941.818181818,2837410.909090909,11170.90909090909,2330996.3636363638,0.0,0.059534112042560164
0.28,1979472.5393258426,6170577.97752809,1804334.02247191,16291.955056179775,399152.8988764045,0.0,0.024251443130301035
0.73,34125995.126684636,47309477.14645103,2705972.902066487,8184.639712488769,41522936.86972147,0.0,0.4181195745035498
4.14,6811319.498746867,9693558.696741855,3138110.8771929825,20377.34335839599,3910365.9949874687,0.0,0.08344865825844083
1.08,12891360.304761905,15647149.104761904,3245514.3619047618,12170.971428571429,9906507.580952382,0.0,0.15793807950961963
0.32999999999999996,1904495.520282187,6077214.250440917,1728013.544973545,16037.248677248677,395440.987654321,0.0,0.023332864631588228
1.1,13359818.271604938,20906957.432098765,2367614.4197530863,8179.358024691358,15124151.308641976,0.0,0.1636773769821164
9.26,7034741.23364486,10067958.429906541,3023407.85046729,20456.07476635514,4262524.411214953,0.0,0.08618590234256174
0.08,5723022.222222222,8263452.444444444,2911800.888888889,10922.666666666666,3111594.6666666665,0.0,0.07011541973850265
0.6699999999999999,2000438.4680851065,6172432.340425532,1825247.319148936,16296.851063829787,399272.8510638298,0.0,0.024508306521369844
0.94,10206466.037135279,16762211.819628647,2147010.206896552,8181.135278514589,10978149.177718833,0.0,0.12504418512682888
0.67,3602841.6,6421960.861538461,3005266.707692308,19849.846153846152,788574.5230769231,0.0,0.04414009612865867
0.8,9569266.7012987,12453329.454545455,2968163.74025974,11968.83116883117,6808030.7532467535,0.0,0.11723755828624177
0.27999999999999997,1963483.6284153005,6171530.491803279,1784244.4590163934,16294.469945355191,399214.51366120216,0.0,0.02405555551076649
0.96,9608576.70718232,16044190.408839779,2117049.281767956,8180.685082872928,10260446.055248618,0.0,0.1177191635387516
4.04,5583709.755844156,8756790.524675325,2986398.9194805194,20426.805194805194,2959663.2103896104,0.0,0.06841724023943957
0.23,9038447.304347826,11938415.304347826,2906735.304347826,11753.739130434782,6394568.347826087,0.0,0.11073424179062678
0.26,1986003.0877192982,6178223.157894737,1806569.5438596492,16312.140350877193,399647.43859649124,0.0,0.0243314519305379
1.3900000000000001,10889985.273631841,18222696.437810946,2127301.4129353235,8181.810945273632,12438156.099502487,0.0,0.13341829871670907
3.72,5417519.5943661975,8466501.228169015,3096022.1746478872,20422.309859154928,2670649.6901408453,0.0,0.06637256427654675
3.91,17890220.972972974,20876371.027027026,3091992.908108108,12221.578378378379,15111793.47027027,0.0,0.21918145763332245
0.02,1604721.7777777778,5190769.777777778,1454080.0,13653.333333333334,350435.55555555556,0.0,0.019660196421308968
0.7100000000000001,12254141.809885932,20112839.543726236,2249903.2091254755,8160.851711026616,14343117.384030418,0.0,0.15013121794268708
8.12,8517616.205655526,11639679.01285347,3080555.269922879,20401.028277634963,5849761.892030848,0.0,0.10435329660473067
0.97,13489799.836734693,16516618.448979592,2954302.6938775512,11786.448979591836,10957343.346938776,0.0,0.16526984187976312
0.36,1969449.533923304,6203151.858407079,1789291.98820059,16377.958702064896,401259.98820058996,0.0,0.024128646607143353
0.5900000000000001,6827322.026666666,12227254.802962963,2118645.380740741,8185.931851851852,6439800.983703704,0.0,0.08364471270631901
5.4,6569131.3307393,9725856.373540856,3147783.9688715953,20440.155642023346,3924940.2023346303,0.0,0.0804814978323271
0.05,4611072.0,6878208.0,2331648.0,9216.0,2531328.0,0.0,0.056492397927282244
0.38,2021825.0795180723,6175534.265060241,1842469.6289156626,16305.040963855421,399473.50361445785,0.0,0.02477032389246868
1.21,10009155.134281201,16661919.747235388,2197423.1153238546,8179.058451816745,10879325.421800949,0.0,0.12262683704824243
2.63,5035999.492063492,7980032.0,3067806.476190476,20236.190476190477,2236838.603174603,0.0,0.06169838321050782
0.55,7257429.333333333,10257066.666666666,3022999.703703704,12060.444444444445,4568557.037037037,0.0,0.08891322902240502
0.22999999999999998,1997638.44295302,6163792.751677852,1822692.5100671141,16274.040268456376,398713.9865771812,0.0,0.02447400210496361
0.62,27186860.463157896,36365608.421052635,2535677.305263158,8051.873684210526,30672933.72631579,0.0,0.3330789325515253
0.66,3632512.0,6657472.0,3028032.0,20160.0,936064.0,0.0,0.04450360206468865
1.2,11425403.586206896,14416931.310344828,3094174.896551724,12182.068965517241,8671055.448275862,0.0,0.13997795867681007
0.17,1939170.2325581396,6133283.720930233,1765090.2325581396,16193.488372093023,396740.4651162791,0.0,0.023757680735936176
0.74,11694997.37524558,18938375.041257367,2303352.2043222003,8175.905697445973,13158009.713163065,0.0,0.14328087817342577
4.58,5899019.743119266,9056171.449541284,2988595.669724771,20386.05504587156,3270515.0825688075,0.0,0.07227924397385618
2.19,16862940.815165877,19921099.829383887,3076697.781990521,12113.289099526066,14207665.137440758,0.0,0.20659576834943383
0.17,2015147.1966873705,6192592.298136646,1835296.3312629398,16350.07867494824,400576.9275362319,0.0,0.024688510029188298
1.19,10868645.749152543,18152631.972881354,2138584.081355932,8178.115254237288,12370704.488135593,0.0,0.13320040600818486
2.9699999999999998,4988001.696113074,8225882.459363958,3011906.035335689,20407.63250883392,2434196.3533568904,0.0,0.061110339781894084
0.13,8741683.2,11273011.2,2704998.4,10649.6,6249949.866666666,0.0,0.10709844606387363
0.31,1917629.260700389,6181294.319066148,1738106.5214007783,16320.249027237354,399846.10116731515,0.0,0.02349377222313746
1.22,8501495.035019455,14747257.525291828,2139780.150453956,8181.374837872892,8963025.514915694,0.0,0.1041557886094887
3.89,6150768.256684492,9168786.481283423,3059701.0481283423,20425.24064171123,3372103.1871657753,0.0,0.07535593630182179
2.1,15179062.766169155,18044489.870646767,3126552.199004975,12165.731343283582,12306319.92039801,0.0,0.18598226913293128
0.03,1970201.3360824743,6192645.278350515,1790348.931958763,16350.218556701031,400580.35463917523,0.0,0.024137857286729417
0.73,10265264.234910278,16952221.44208809,2171935.7389885806,8071.725938009788,11245243.928221859,0.0,0.12576987041952206
4.26,5948961.965601966,9064266.85012285,3068538.0245700246,20429.68058968059,3266323.498771499,0.0,0.07288351312125528
0.23,6537216.0,9244850.086956521,2771211.1304347827,11219.478260869566,3952996.1739130435,0.0,0.080090488200704
0.1,1955997.5384615385,6109971.692307692,1782579.2,16131.938461538462,395232.4923076923,0.0,0.0239638399243286
0.74,6276611.955364807,11685880.968240343,1991809.208583691,8163.87296137339,5913970.046351931,0.0,0.07689770626388116
5.26,6741120.254473161,9787200.636182902,3088343.2842942346,20398.568588469185,3998005.439363817,0.0,0.08258861451119379
0.31,5377280.0,7043328.0,1974613.3333333333,7424.0,3541674.6666666665,0.0,0.06587957020111943
0.06999999999999999,1900673.347368421,6076653.136842106,1728210.1894736842,16039.073684210527,394466.35789473687,0.0,0.02328603740503651
0.61,19625535.216907676,27206543.23470523,2300603.3726362623,8037.090100111234,21524320.533926584,0.0,0.2404416033862501
0.39,2545007.0943396227,4876017.509433962,2284640.603773585,15070.188679245282,599097.962264151,0.0,0.03118007125050102
6.02,22226379.64644714,25265867.202772964,2997065.206239168,12117.62911611785,19550129.913344886,0.0,0.27230576392430017
0.21000000000000002,1967104.0,6145465.725490196,1792682.6666666667,16223.372549019608,398175.3725490196,0.0,0.024099910374929926
0.6599999999999999,4275545.445783133,9184788.562248996,1950674.7630522088,8187.887550200803,3395952.064257028,0.0,0.052394603499987584
1.45,3886746.6308724834,6940163.436241611,2765542.2281879196,18968.053691275167,1554280.8053691275,0.0,0.047618349336937565
6.08,21055835.238754325,23876448.553633217,3253187.7647058824,12245.480968858132,18100663.3633218,0.0,0.25796487736452306
0.02,1887038.2702702703,5874771.027027027,1716445.4054054054,15498.378378378378,383584.86486486485,0.0,0.02311898770353586
1.0699999999999998,14000251.076923076,20006936.615384616,2453110.153846154,8182.153846153846,14222153.846153846,0.0,0.1715236185683945
0.4,3248230.4,6299750.4,2914508.8,19456.0,777113.6,0.0,0.03979558859985167
0.05,5856109.714285715,8341796.571428572,2791131.4285714286,10532.57142857143,3373933.714285714,0.0,0.07174593679848239
0.49,1954466.8199233715,6181664.3678160915,1779013.6398467433,16321.226053639846,399870.03831417626,0.0,0.0239450863761792
0.9600000000000001,9957119.491053678,15803312.604373757,2702293.2485089465,8175.713717693837,10023095.220675943,0.0,0.12198932406566247
1.09,3968581.189189189,6761315.171171172,2882107.963963964,19188.46846846847,1313413.7657657657,0.0,0.048620942753963274
0.79,9644936.930232558,12353345.488372093,2779088.3720930233,10859.162790697674,7293404.279069767,0.0,0.11816462962327157
0.12,1941605.031860226,6193135.161356629,1761747.2723535458,16367.161356628983,400747.08324768755,0.0,0.023787510600020906
0.6399999999999999,7391864.607397794,12801463.236859182,2302427.7845554836,8189.341985723556,7011598.452952628,0.0,0.09056952421722407
1.19,4208479.72173913,7263739.547826087,3053407.7217391306,20301.91304347826,1502056.6260869566,0.0,0.051560051786089085
0.93,12462192.527472528,15403660.65934066,3081542.3296703296,11882.901098901099,9798622.241758242,0.0,0.15268014451051315
0.01,2008185.7342657342,6183742.657342657,1832673.5664335664,16326.713286713286,400004.4755244755,0.0,0.024603221899816532
0.76,11814151.122749591,18798655.685761046,2188309.787234043,8178.592471358429,13016390.808510639,0.0,0.14474068641726226
8.87,9242839.19716647,12351625.822904369,2986549.7992916177,20455.820543093272,6546263.952774499,0.0,0.11323834238637204
1.27,12913472.0,15692160.0,3103616.0,11712.0,10167040.0,0.0,0.15820898022126284
0.12,2013246.5497536946,6199326.266009852,1833200.1103448276,16367.858128078818,401012.52413793106,0.0,0.0246652243153903
1.3699999999999999,12560657.64275668,20319795.12798875,2287820.511954993,8180.4781997187065,14536197.040787622,0.0,0.1538864866527719
0.64,3447936.0,6324672.0,2849920.0,19520.0,784256.0,0.0,0.042242275232267444
2.69,16517596.279069768,19474050.976744186,3149569.984496124,12145.116279069767,13745413.953488372,0.0,0.20236479105062877
0.16,1939814.6892655366,6135322.033898305,1761627.1186440678,16198.870056497175,396872.3163841808,0.0,0.02376557627622729
0.6000000000000001,3711997.420654912,8477253.212426532,1851863.1603694374,8181.682619647355,2692786.404701931,0.0,0.045477415098416504
2.81,5426005.963099631,8578988.870848708,3114380.7527675275,20328.856088560886,2809508.36900369,0.0,0.06647653474576626
0.09,2825654.8571428573,3835318.8571428573,979529.1428571428,3949.714285714286,1970614.857142857,0.0,0.034618418145470765
0.15000000000000002,1972110.782703886,6198646.962233169,1796175.588396278,16366.064586754243,400968.58237547893,0.0,0.024161250809614516
0.86,16173202.584867075,27571028.28629857,2630132.482617587,8183.62372188139,21785195.844580777,0.0,0.19814546296020968
9.43,10313034.761061948,13537674.194690265,3041343.4336283184,20457.34513274336,7731943.079646017,0.0,0.12634980836555995
3.0,17269623.944055945,20367460.251748253,3017921.3426573426,12202.06993006993,14612150.601398602,0.0,0.211578233413429
0.08,1937559.7037037036,6054393.679012346,1761735.111111111,15979.456790123457,393266.56790123455,0.0,0.023737949394304975
0.8300000000000001,12788369.777777778,21144668.444444444,2823765.3333333335,8184.888888888889,15357952.0,0.0,0.15667629443379988
0.69,3437945.263157895,6272269.47368421,2646824.4210526315,18054.736842105263,1144023.5789473683,0.0,0.04211987404632393
1.02,17674157.25252525,20825346.585858587,3008449.9393939395,12163.878787878788,15088050.424242424,0.0,0.21653436002279275
0.13999999999999999,1923315.7638238051,6199624.217432053,1743260.6710402998,16368.644798500469,401031.79756326147,0.0,0.02356344023033039
0.76,13529109.818181818,21554101.818181816,2328146.909090909,8189.090909090909,15764414.545454545,0.0,0.1657605708347362
7.18,9017513.428156748,12116568.429608127,2989830.3164005806,20450.275761973877,6312780.168359942,0.0,0.11047777109055108
4.43,22166231.962085307,24948998.06635071,3269015.6587677724,12258.881516587679,19166892.28436019,0.0,0.2715688665348461
0.3,1955488.6274509805,6197835.294117647,1779576.4705882352,16363.921568627451,400916.07843137253,0.0,0.023957605017712984
1.22,21938703.173581712,32581106.560541913,2754842.6621507197,8185.06350550381,26794266.66215072,0.0,0.26880306047001157
10.5,11083048.634920634,14184960.0,2991038.984126984,20419.04761904762,8389928.634920634,0.0,0.13579948919174456
0.35000000000000003,9110323.2,12072433.371428572,2931214.6285714284,11585.828571428572,6607784.228571429,0.0,0.11161482697744722
0.15,1973045.7440993788,6201585.689440994,1797027.1403726707,16373.823602484472,401158.6782608696,0.0,0.02417270545859898
0.52,9879030.53798768,16591424.131416839,2085730.299794661,8175.178644763861,10811572.829568788,0.0,0.121032619808967
1.39,4229843.729323308,7278838.37593985,3069228.2706766916,20326.015037593985,1510315.3082706768,0.0,0.05182179222687315
0.5,15532784.326530613,18476888.81632653,3028783.0204081633,11786.448979591836,12917613.714285715,0.0,0.19029939959580358
0.3,1963460.465116279,6133283.720930233,1785332.0930232557,16193.488372093023,396740.4651162791,0.0,0.02405527172636547
0.8799999999999999,9241365.667711599,15900158.394984325,2144525.642633229,8179.159874608151,10117492.363636363,0.0,0.11322548073083646
1.14,3932532.3636363638,7019948.218181818,3052190.2545454544,20293.81818181818,1260562.6181818182,0.0,0.048179291745707085
2.7399999999999998,18216667.42857143,21057551.814671814,3137599.2586872587,12240.555984555984,15284089.575289575,0.0,0.223180905716463
0.18000000000000002,1919468.5149797571,6200415.35222672,1743483.1287449393,16370.733603238867,401082.97327935224,0.0,0.02351630578683733
0.68,7081122.205562273,12897843.38573156,1955802.853688029,8172.188633615478,7120106.021765417,0.0,0.08675413730437032
5.61,7117115.369202226,10257425.09833024,3041770.1521335808,20442.00371057514,4455984.445269017,0.0,0.0871951063725205
2.42,21342646.218340613,24260053.519650657,3095180.8558951966,12234.340611353711,18489522.86462882,0.0,0.26147873270851246
0.11,1981972.1016166282,6191108.729792148,1806250.8637413394,16346.161662817552,400480.96073903004,0.0,0.024282066436025856
0.64,5400891.253074916,10352330.853522176,2055356.9228475587,8143.147223257548,4595125.76667909,0.0,0.06617007714038116
3.93,6481789.968253968,9367985.439153438,3076854.5185185187,20317.460317460318,3601781.8412698414,0.0,0.0794114379839802
1.75,11653436.952380951,14891788.19047619,3021092.5714285714,12214.857142857143,9130447.238095239,0.0,0.1427717020108123
0.31,1897749.976798144,5911259.767981439,1726117.1229698376,15585.707656612529,388502.27378190256,0.0,0.02325022182602446
0.8200000000000001,9980481.842610365,16751531.485604607,2096507.3320537428,8176.276391554702,10970904.076775432,0.0,0.12227554715232365
3.7,5597554.259887005,8784971.209039548,3038815.4576271186,20422.146892655368,2989165.9209039547,0.0,0.06857825309799805
4.6499999999999995,16023607.35135135,19068623.56756757,3040523.5315315314,12260.324324324325,13285837.261261262,0.0,0.19631270184526675
0.12,1939479.4911366007,6198969.259645464,1759443.4202294056,16366.915537017727,400989.43065693433,0.0,0.02376146960730443
0.49,10857133.654266959,17710969.55798687,2278989.304157549,8174.074398249453,11931898.958424509,0.0,0.13301581817558625
1.8,4029644.8,7166192.94117647,3086504.6588235293,20359.529411764706,1388158.494117647,0.0,0.04936906158637379
0.09,4114204.4444444445,6710158.222222222,2861738.6666666665,10922.666666666666,1558300.4444444445,0.0,0.05040504130704286
0.39,1932638.6849315069,6177104.657534246,1753237.6255707762,16309.187214611871,399575.0867579909,0.0,0.023677659693626726
1.04,9250298.302066773,15807089.144674085,2129327.4149443563,8165.952305246423,10033728.305246422,0.0,0.11332972736630849
5.03,6524568.8517745305,9598937.519832985,3147335.615866388,20437.24425887265,3798847.599164927,0.0,0.07993554207750343
0.0,0.0,0.0,0.0,0.0,0.0,0.0,0.0
0.31,2031433.4392220422,6156437.367909239,1852640.0518638573,16251.228525121556,399200.6742301459,0.0,0.024888040397400456
1.02,10729323.054545455,17810957.03272727,2255287.389090909,8177.105454545454,12029743.476363637,0.0,0.13150268752036354
1.34,4248969.846153846,7230574.276923077,3113464.123076923,20164.923076923078,1507454.0307692308,0.0,0.05205611522221853
0.62,8594363.733333332,11759752.533333333,2988441.6,12083.2,6060509.866666666,0.0,0.10529356643211589
0.11,1954158.3089430893,6154989.268292683,1779462.243902439,16250.796747967479,398144.52032520325,0.0,0.023941306663985657
0.9500000000000001,23428189.75505351,38239437.77407848,2551671.6290130797,8182.259215219976,32454580.508917954,0.0,0.2870908027171981
0.41,3184689.951219512,6302944.780487805,2840326.2439024393,19480.975609756097,774243.9024390244,0.0,0.03901712486799374
0.73,10046911.09859155,12861497.690140845,3113421.5211267606,12114.929577464789,7147289.23943662,0.0,0.12308940301120047
0.38999999999999996,2002159.3766233767,6165716.779220779,1827161.7662337662,16277.61038961039,399266.9090909091,0.0,0.024529390176090626
0.7999999999999999,20876512.257073,31020806.3485854,2361227.400628711,8186.2773314704855,25233101.121900104,0.0,0.2557679077143819
4.73,7368983.682819383,10392508.334801761,3130625.127753304,20434.889867841408,4593086.59030837,0.0,0.09028086278624246
0.57,9299788.350877194,12179923.087719299,2972115.0877192984,11856.842105263158,6587014.736842105,0.0,0.11393605308207248
0.09,1994086.4,6127872.0,1816115.2,16179.2,396390.4,0.0,0.024430484366798427
0.89,10303404.74796748,17172729.756097563,2113869.0081300815,8178.679674796748,11390403.22601626,0.0,0.1262736041182344
9.03,9390855.68591224,12329239.05773672,3139352.2401847574,20385.40415704388,6543719.464203233,0.0,0.11505176156135473
0.56,7680606.814814814,10543028.148148147,3163704.888888889,12060.444444444445,4854518.518518519,0.0,0.09409870340465601
0.19,1985577.7959183673,6189609.795918368,1805813.551020408,16342.204081632653,400384.0,0.0,0.024326241481936715
0.71,7045564.188444445,12835374.876444444,2018858.3253333333,8184.718222222222,7048779.093333334,0.0,0.08631849941961757
0.12,2949435.076923077,5372061.538461538,2665235.6923076925,17329.23076923077,454025.8461538461,0.0,0.03613490746321523
0.67,9731380.825396825,12597345.523809524,3071479.873015873,12092.952380952382,6893502.984126984,0.0,0.11922369418006103
0.09999999999999999,1946458.8387096773,6105352.258064516,1769141.677419355,16119.741935483871,394933.67741935485,0.0,0.023846976856024535
0.68,11402345.547920434,18916987.139240507,2173176.130198915,8177.186256781193,13135716.455696203,0.0,0.13969546387423495
7.45,7844660.355430183,10754420.626234133,3096009.839210155,20422.228490832156,4958592.1805359665,0.0,0.09610859999655944
4.89,16236805.63876652,19199160.95154185,3025789.18061674,12233.867841409692,13428853.286343612,0.0,0.19892469369663904
0.3,1985430.7289719626,6176442.61682243,1806048.8971962617,16307.43925233645,399532.26168224297,0.0,0.024324439696048493
0.97,11740754.246020261,19302723.056439944,2273428.1910274965,8180.144717800289,13519360.740955137,0.0,0.14384146698047753
5.8999999999999995,6665339.174147218,9892082.67145422,2984711.813285458,20443.231597845603,4090293.5439856374,0.0,0.08166018508195606
2.8,12963201.460076045,15763214.600760456,3252037.1102661598,12241.277566539924,9989412.015209125,0.0,0.15881823907632361
0.44,1905775.709090909,6172355.490909091,1730950.981818182,16309.527272727273,399229.67272727273,0.0,0.023356304224513288
1.32,9114718.631724138,15412151.966896553,2167772.6896551726,8180.700689655172,9628396.579310345,0.0,0.11166867746558128
1.69,4370988.24691358,7437425.777777778,2949120.0,20227.16049382716,1696957.6296296297,0.0,0.05355101967180641
1.48,13522900.425531914,16595307.120567376,3058230.4680851065,12200.851063829787,10840572.368794326,0.0,0.16567537266175017
0.29000000000000004,1931176.8510638298,6172432.340425532,1751911.4893617022,16296.851063829787,399272.8510638298,0.0,0.02365975008376671
0.95,10708720.94117647,17578420.70588235,2169848.470588235,8176.941176470588,11797323.294117646,0.0,0.1311975446709923
3.95,5632939.349333334,8564277.248,3071978.154666667,20425.386666666665,2767552.512,0.0,0.06901177236503431
3.14,15758511.838383839,18679111.542087544,3069765.8181818184,12246.626262626263,12902786.154882155,0.0,0.1930648928309436
0.26,2017980.9932885906,6163792.751677852,1838966.5503355705,16274.040268456376,398713.9865771812,0.0,0.02472322819564553
1.14,9810860.299130434,16380737.44695652,2201339.993043478,8177.753043478261,10599066.045217391,0.0,0.12019743435527602
11.0,9563579.401941748,12577933.172815533,3044465.33592233,20460.11650485437,6771352.1087378645,0.0,0.11716788052402104
1.86,9968486.988505747,12901505.471264368,2992057.379310345,12146.758620689656,7172284.32183908,0.0,0.12212859258922935
0.16,1993437.2345679011,6052219.259259259,1821658.0740740742,15979.456790123457,391496.6913580247,0.0,0.024422531137720454
1.17,14661077.507482992,22764252.82176871,2312373.1156462585,8180.854421768708,16980388.745578233,0.0,0.17963766827180125
1.41,3857881.7910447763,7021919.52238806,2963700.537313433,20327.16417910448,1253070.328358209,0.0,0.047264712695034565
0.14,5466794.666666667,7855854.933333334,2839893.3333333335,10649.6,2832793.6,0.0,0.06697625621462379
0.24,1935413.612565445,6172950.785340314,1760207.7486910995,16298.219895287959,399306.387434555,0.0,0.02371165662885458
0.89,12936417.21994135,20043908.129032258,2245226.6041055718,8179.988269794721,14260656.42228739,0.0,0.15849009283356946
7.92,8545511.31307794,11634712.348745046,3096576.0,20452.945838837517,5830166.3196829595,0.0,0.1046950526017575
0.89,10143610.43478261,12813890.782608695,2883584.0,11353.04347826087,7457435.826086956,0.0,0.1242741117686021
0.01,1990530.355828221,6130380.171779141,1812492.5644171778,16182.969325153374,397362.25766871165,0.0,0.02438691760783238
0.96,10397274.253706755,17375474.92586491,2166034.978583196,8178.504118616145,11593272.514003295,0.0,0.12736524864976853
1.06,3849195.9215686275,7026447.05882353,2956709.6470588236,20279.21568627451,1271205.6470588236,0.0,0.0471582980489845
6.38,24253446.826666668,27315766.613333333,3214049.28,12267.52,21529586.346666668,0.0,0.29714031124220597
0.06999999999999999,1938398.9677419355,6105352.258064516,1761081.8064516129,16119.741935483871,394933.67741935485,0.0,0.023748231610243874
0.59,21300327.577011496,28763284.303448275,2827082.740229885,8187.291954022989,22974868.891954023,0.0,0.26096026725715693
3.34,5968896.0,9073228.8,3095065.6,20416.0,3279168.0,0.0,0.07312773429227816
0.17,8653587.692307692,10626756.923076924,2069582.7692307692,8034.461538461538,6832443.076923077,0.0,0.1043689307271319
0.22,1967144.4971751412,5965997.559322034,1793909.152542373,15736.045197740114,390392.7683615819,0.0,0.02410040652474764
0.64,6614091.16491897,12109587.767397521,1978235.2411820781,8184.190657769304,6328632.373689228,0.0,0.08103232177158044
2.75,5023050.950570342,8075661.140684411,3044573.9315589354,20324.25855513308,2307636.562737643,0.0,0.06153974457753708
3.1,19546305.077441078,22417973.44107744,3098341.2794612795,12246.626262626263,16641648.053872054,0.0,0.23947091792165914
0.09,1930592.256,6106152.96,1757282.304,16121.856,394985.472,0.0,0.02365258793644547
0.8600000000000001,9626177.468852459,16264195.357377049,2158538.281967213,8178.570491803279,10481946.019672131,0.0,0.1179347986951952
18.25,11595364.940617578,14733200.114014251,3135672.8551068883,20467.838479809976,8924427.55344418,0.0,0.14206023465636633
0.8,7992643.368421053,10871754.105263159,2959144.4210526315,11964.631578947368,5228436.2105263155,0.0,0.09792160904442525
0.01,1819917.4736842106,5871723.7894736845,1653059.3684210526,15521.684210526315,373167.15789473685,0.0,0.022296659457536703
1.4200000000000002,11937844.813753583,18970477.29512894,2204510.624641834,8180.263610315186,13187030.922636103,0.0,0.14625611563053215
2.51,4508244.253164557,7453199.122362869,3034565.670886076,20393.586497890294,1665499.2742616034,0.0,0.055232607147135224
4.97,20426028.137931034,23261078.068965517,3179767.172413793,12261.51724137931,17477729.103448275,0.0,0.25025595420798274
0.41000000000000003,1964734.45410628,6175462.028985507,1785381.1014492754,16304.850241545893,399468.8309178744,0.0,0.024070879960845063
1.04,8003369.447619048,14030685.46031746,2074311.9238095237,8165.993650793651,8257327.949206349,0.0,0.09805301925321229
1.16,3991186.285714286,7137499.428571428,3109522.285714286,20297.14285714286,1377170.2857142857,0.0,0.048897888355350645
0.03,2286933.3333333335,3782656.0,1577642.6666666667,6144.0,884736.0,0.0,0.02801828900087283
0.44,1867334.5764411027,6023665.88471178,1692417.92481203,15891.248120300752,393287.8596491228,0.0,0.02287758854246558
2.25,12893806.922888616,20783329.605875153,2225837.5911872704,8181.973072215423,14998674.64381885,0.0,0.15799950238363966
15.85,10745141.775662815,13852067.76342624,2986014.629503739,20452.15499660095,8047718.330387492,0.0,0.13164375333454156
0.09,5286570.666666667,8031800.888888889,2832611.5555555555,10922.666666666666,2879943.111111111,0.0,0.0647682477679878
0.09999999999999999,1870671.448275862,5994496.0,1700546.2068965517,15819.034482758621,390038.0689655172,0.0,0.022918470118706742
1.63,13079840.469959946,20435540.08010681,2334457.506008011,8181.062750333778,14651528.715620827,0.0,0.160247238094384
0.72,3720914.8235294116,6525952.0,3115610.3529411764,20178.823529411766,799201.8823529412,0.0,0.04558666636832968
0.86,10170806.857142856,13224862.476190476,3058736.761904762,11995.42857142857,7567018.666666667,0.0,0.12460730784842337
0.08,1939366.956521739,6070539.130434782,1767067.8260869565,16027.826086956522,392681.73913043475,0.0,0.023760090893147682
0.8,13350452.128312413,20759047.854951184,2484278.270571827,8180.574616457462,14975381.60111576,0.0,0.1635626279836355
0.84,3693642.926829268,6740967.024390244,3084987.3170731706,19980.48780487805,1070005.0731707318,0.0,0.04525254561709954
1.1,10679740.37735849,13753904.301886793,3156547.6226415094,12172.075471698114,8012742.037735849,0.0,0.13084249024040356
0.06,1928358.6976744186,6061127.441860465,1752325.953488372,16002.976744186046,392072.93023255817,0.0,0.023625223569607914
0.8300000000000001,24590696.25060241,36003489.619277105,2563232.3855421687,8182.130120481927,30218723.624096386,0.0,0.30127211153891215
2.79,5415368.802973977,8335436.133828997,3125872.2973977695,20403.866171003716,2544818.914498141,0.0,0.06634621392608811
0.77,12742219.093333334,15594946.56,3144089.6,12124.16,9876384.426666666,0.0,0.1561108808314422
0.3,1935622.564102564,6173617.230769231,1756322.7897435897,16299.979487179487,399349.4974358974,0.0,0.023714216591783476
0.89,10049565.897810219,16896313.9270073,2155176.1751824818,8177.051094890511,11115138.802919708,0.0,0.12312192819707435
7.6,8141789.866666666,11031108.266666668,3129617.066666667,20451.555555555555,5227002.311111111,0.0,0.09974887249386971
0.16,5007360.0,7971840.0,2914560.0,11520.0,2538240.0,0.0,0.061347507409373774
0.25,2016283.6756756757,6121582.702702703,1842535.7837837837,16162.594594594595,395983.5675675676,0.0,0.02470243356437592
0.99,8981856.635761589,15360054.251655629,2064831.5761589403,8178.437086092716,9577899.23178808,0.0,0.11008346145642427
3.9,5647776.776280323,8621042.199460916,3035124.9595687333,20424.79784366577,2824484.5714285714,0.0,0.06919355261641771
2.11,15346631.960199006,18344292.616915423,3240037.890547264,12226.865671641792,12577287.641791046,0.0,0.1880187599627838
0.47,2023424.0,6180418.064516129,1843926.7096774194,16317.935483870968,399789.4193548387,0.0,0.024789913014503548
0.74,9606097.17693837,16171911.888667991,2194397.3916500993,8175.713717693837,10391682.290258449,0.0,0.11773986555399442
7.84,8263435.3395973155,11213341.551677853,3076057.5140939597,20452.510067114094,5408919.194630872,0.0,0.10123920803034343
2.86,16090042.706766916,19118156.992481202,3199253.172932331,12195.609022556391,13365894.736842105,0.0,0.19712663243116701
0.2,1945214.905982906,6152402.051282051,1766531.282051282,16243.965811965812,397977.1623931624,0.0,0.023831736854871752
1.65,12067369.211459754,19272082.335607093,2236136.600272851,8180.8240109140515,13488239.75989086,0.0,0.14784297955642808
5.45,6403260.1624758225,9602228.239845261,2980208.402321083,20440.386847195357,3801246.4526112187,0.0,0.07844933263468787
3.04,16728407.72027972,19630395.076923076,3253040.3356643356,12245.034965034965,13854820.251748253,0.0,0.20494754053371014
0.33,1938490.8505747127,6169776.551724138,1759302.6206896552,16289.83908045977,399101.0574712644,0.0,0.02374935730976705
1.44,12406556.725030826,19818281.351418003,2237739.245376079,8181.89889025894,14033678.836004931,0.0,0.15200260815769176
9.09,8157825.050410316,11254972.473622508,2941571.4513481827,20455.99062133646,5449562.335287222,0.0,0.09994920980506483
3.5,16996233.003058106,19750937.051987767,3258537.100917431,12250.422018348623,13972821.333333334,0.0,0.20822879323366922
0.1,1956334.3448275863,6098449.655172414,1779217.6551724137,16101.51724137931,394487.1724137931,0.0,0.023967966296516072
1.06,21502586.899902817,29846198.608357627,2625348.9135082606,8184.038872691934,24060083.12536443,0.0,0.2634414594133315
7.22,7884098.507982584,10954332.888243832,2957109.8751814226,20450.275761973877,5150544.626995645,0.0,0.09659177523379366
0.01,1892352.0,3368960.0,1593344.0,6144.0,471040.0,0.0,0.02318408868967746
0.38,1974628.1739130435,6180912.569169961,1799196.3320158103,16319.241106719368,399821.4071146245,0.0,0.024192092545750502
1.09,25216492.412007064,32325562.085932903,2869924.2377869333,8187.178340200117,26537226.99941142,0.0,0.30893903276057155
3.84,6236242.803234502,9350604.938005392,3030995.8382749325,20369.595687331537,3569713.681940701,0.0,0.07640312491574008
0.1,3266560.0,5108849.777777778,1907370.6666666667,7509.333333333333,1566947.5555555555,0.0,0.04002015309527655
0.24000000000000002,1979778.0983606558,6171530.491803279,1800538.9289617487,16294.469945355191,399214.51366120216,0.0,0.024255186676830992
0.88,7307655.872437358,13026940.792710707,2061328.3280182232,8182.669703872437,7241793.312072893,0.0,0.08952950712141798
2.83,4814779.479553903,7757930.587360594,3036095.286245353,20403.866171003716,1967313.3680297397,0.0,0.0589881134562793
1.51,18295153.777777776,21327957.333333332,3087104.0,12202.666666666666,15572366.222222222,0.0,0.2241424786589853
0.36,1930963.376146789,6120851.963302752,1753200.7339449541,16158.532110091743,396541.65137614676,0.0,0.023657134702796418
0.99,10811077.601147776,18522394.077474892,2221677.451936872,8180.246771879483,12738959.609756097,0.0,0.13248842648412001
3.72,5403405.857549857,8344123.806267806,3095922.5071225073,20421.652421652423,2548458.849002849,0.0,0.06619965029114988
7.12,25467416.38095238,28669226.666666668,3042852.5714285714,12269.714285714286,22882011.42857143,0.0,0.31201321956641775
0.22,1975460.1526717558,6158070.229007633,1796611.9083969465,16258.931297709923,398343.8167938931,0.0,0.024202285506325322
0.72,17222651.774415407,27484044.50068776,2791173.2819807427,8175.097661623108,21704236.36863824,0.0,0.21102042610611907
5.65,7601027.306273063,10783332.132841328,2980474.8044280442,20442.214022140222,4981831.793357934,0.0,0.09312373765625818
4.07,17647362.63917526,20776601.07216495,3092796.7010309277,12224.659793814433,15010636.536082475,0.0,0.21620608669292848
0.45,1994105.402917342,6203428.5121555915,1813939.8223662884,16378.689141004863,401277.8839546191,0.0,0.024430717180420843
1.0,7385237.54969574,13292961.492900608,2097849.898580122,8142.150101419878,7536378.288032454,0.0,0.09047999650513344
0.61,3662032.2711864407,6513264.813559322,3052144.813559322,20132.881355932204,799553.0847457628,0.0,0.044865268702465225
5.79,21405913.553113554,24452339.80952381,3033620.63003663,12265.494505494506,18667114.9010989,0.0,0.2622538503930339
0.25,1964780.3076923077,6175606.153846154,1785422.7692307692,16305.23076923077,399478.1538461539,0.0,0.024071441734555873
1.04,21320242.809160307,29439249.58778626,2686882.1984732826,8176.366412213741,23658558.534351144,0.0,0.26120425807303754
12.75,11101237.894736841,14192885.894736841,3008821.8947368423,20412.63157894737,8399747.368421054,0.0,0.13600645330086172
0.0,0.0,0.0,0.0,0.0,0.0,0.0,0.0
0.24000000000000002,1985833.918128655,6203171.929824562,1809770.292397661,16378.011695906433,401261.2865497076,0.0,0.024329379354826267
0.5900000000000001,9505174.260869564,17666077.68115942,2144209.6231884058,8188.289855072464,11876956.753623188,0.0,0.11645233184673935
3.62,6286374.143266476,9210683.41547278,3128545.9255014327,20421.31805157593,3415113.35243553,0.0,0.07701730738994962
1.39,11190699.940298507,14229595.701492537,3175378.149253731,12104.597014925374,8520077.373134328,0.0,0.13710249462861515
0.22,1944552.8525296017,6202100.150699677,1764425.8514531755,16375.181916038751,401191.9569429494,0.0,0.023823625728623673
0.6599999999999999,3888603.572702759,8627468.266334785,1919809.8983613357,8190.300767475627,2836925.6237295168,0.0,0.047641099599091304
4.01,6597085.512953368,9569338.3626943,3072212.2279792745,20426.943005181347,3772171.9378238344,0.0,0.080823977582235
1.36,13240241.83206107,16386063.633587787,3015969.2213740456,12194.198473282442,10634466.6870229,0.0,0.1622123901405668
0.27,1998071.9157894736,6140119.578947368,1819745.0105263158,16211.536842105263,397182.65263157897,0.0,0.024479312783254357
0.88,11383738.40776699,18219783.45631068,2271841.7605177993,8178.744336569579,12437411.210355988,0.0,0.13946749910468934
3.2,4970576.842105263,8106819.368421053,2976161.6842105263,20412.63157894737,2313714.5263157897,0.0,0.06090775453094689
0.7,8289354.202898551,11134590.144927537,3030565.1014492754,11931.826086956522,5506745.507246377,0.0,0.10155675213710266
0.02,1903459.7966101696,5998071.322033898,1729275.6610169492,15828.610169491525,390230.77966101695,0.0,0.023320175496866095
0.89,8730680.263736263,15094941.538461538,2118213.391941392,8184.4981684981685,9308501.333333334,0.0,0.10696364394979298
6.01,6943041.114982578,10033787.094076656,2997137.393728223,20444.32055749129,4231688.9198606275,0.0,0.085062441335351
2.3899999999999997,17126817.510729615,19990642.26609442,3172395.948497854,11971.570815450645,14344051.364806866,0.0,0.20982864506216295
0.13,2035736.5269461079,6168281.676646707,1856591.7125748503,16285.892215568862,399004.3592814371,0.0,0.024940759536034696
0.74,11734226.017834395,18491418.089171976,2523209.0496815285,8186.7821656050955,12703363.098089172,0.0,0.143761486606188
0.94,3933240.263736264,6966350.769230769,3046343.736263736,20254.945054945056,1217997.3626373627,0.0,0.04818796456064823
4.44,20491618.093457945,23590586.61682243,3063540.037383178,12173.158878504673,17848913.34579439,0.0,0.25105238944642744
0.05,1962017.8512396694,6192618.842975207,1782166.2148760331,16350.148760330578,400578.64462809917,0.0,0.024037597589597896
0.75,13516867.92703151,20251394.97180763,2808945.777777778,8178.414593698176,14469255.85406302,0.0,0.1656014657035031
3.45,5891683.93993994,9069737.129129129,2993351.8798798798,20418.4984984985,3274967.2552552554,0.0,0.07218177326158985
0.04,2443556.5714285714,4241115.428571428,1790537.142857143,7021.714285714285,929206.8571428572,0.0,0.029937153484258832
0.18,1939302.7482993198,6198404.353741497,1759283.0839002267,16365.42403628118,400952.8888888889,0.0,0.023759304248209007
0.8799999999999999,6062106.144680851,11260267.120567376,2028862.0936170213,8151.330496453901,5497276.459574468,0.0,0.07426969533391277
4.09,6109095.409669211,9294074.13740458,2953872.610687023,20427.888040712467,3496639.5114503815,0.0,0.07484538277840128
0.04,3312493.714285714,5319533.714285715,2308388.5714285714,8777.142857142857,1176137.142857143,0.0,0.04058290849482501
0.08,1891928.2758620689,6098449.655172414,1714811.5862068965,16101.51724137931,394487.1724137931,0.0,0.02317889744724806
0.87,11048240.97106274,18497518.16850192,2067356.6156209987,8187.804353393086,12708740.490653008,0.0,0.13535716322229943
6.91,8051840.971168437,11321505.60242792,3022350.7617602427,20448.922610015175,5518101.365705615,0.0,0.09864686654002312
0.06,4521984.0,7281517.714285715,2605056.0,10532.57142857143,2313654.8571428573,0.0,0.055400939206501985
0.03,1880622.5454545454,5923374.545454546,1712500.3636363635,15639.272727272728,383162.1818181818,0.0,0.023040385660609217
0.79,11913600.815286623,19036427.414012738,2225171.566878981,8178.955414012738,13253905.936305733,0.0,0.14595909107556032
5.88,6900648.228571429,10006857.142857144,3074691.657142857,20443.428571428572,4205012.114285714,0.0,0.08454306627279978
1.18,8956452.57142857,11777718.857142856,3077412.5714285714,12068.57142857143,6085376.0,0.0,0.10972968599969209
0.33999999999999997,1964705.118881119,6201100.531468531,1788700.2853146852,16372.542657342658,401127.2951048951,0.0,0.024070520561293142
0.7,5732549.7379310345,10814651.851034483,2076146.5820689655,8186.350344827586,5026902.157241379,0.0,0.07023214578586921
2.3,5399317.811659193,8266921.901345291,3147932.125560538,20388.161434977577,2480761.6860986548,0.0,0.06614956573050977
0.8,17959151.376623377,20829277.09090909,3092639.5844155843,12128.415584415585,15108707.74025974,0.0,0.22006896937269388
0.3,2013130.6110531804,6198969.259645464,1833094.5401459853,16366.915537017727,400989.43065693433,0.0,0.0246638038961901
0.43,10517209.449954914,18445305.536519386,2264696.497745717,8188.306582506762,12656168.16591524,0.0,0.12885124789450833
7.05,8057937.095302014,10947761.310067113,2834311.044295302,18500.724832214764,5693352.032214765,0.0,0.09872155300563815
1.23,11164342.237288136,14054070.237288136,3094632.13559322,12183.864406779661,8307347.525423729,0.0,0.13677957409150096
0.39,1982112.4120171673,6178807.210300429,1802661.905579399,16313.682403433477,399685.2188841202,0.0,0.024283785444313075
0.99,9788400.94117647,16370311.529411765,2215130.3529411764,8161.882352941177,10605906.823529411,0.0,0.11992236651157272
2.8,4948919.131086143,7923504.898876404,3142107.5655430714,20403.295880149813,2133049.5280898875,0.0,0.060631521013607484
1.4,14228148.932330826,17140435.72932331,3252039.2180451127,12195.609022556391,11388173.47368421,0.0,0.1743157016966707
0.05,1890614.303030303,6017396.363636363,1715851.6363636365,15887.515151515152,389244.1212121212,0.0,0.023162799352037727
0.7899999999999999,12092695.72280419,18333250.423851732,2428541.8340048348,8185.398871877518,12546173.421434328,0.0,0.14817397009994762
9.25,9783869.255079007,12912815.674943566,3043984.4695259593,20456.884875846503,7107151.747178329,0.0,0.11986675446109185
1.72,16424488.33939394,19229354.666666668,3236535.0787878786,12213.527272727273,13468640.969696969,0.0,0.2012240821702737
0.04,1947532.075471698,6146898.113207547,1773065.6603773586,16229.433962264151,397621.1320754717,0.0,0.023860125581143227
0.66,11936379.490514904,17708112.476964768,2047184.1300813009,8008.845528455285,12045650.558265582,0.0,0.14623816327075634
1.35,4170701.874125874,6947560.7272727275,2863476.3636363638,18618.18181818182,1663720.7272727273,0.0,0.05109721772056046
3.52,15534281.743283583,18544022.54328358,3111786.2208955223,12251.319402985075,12765483.558208955,0.0,0.19031774514822009
0.03,1940324.8484848484,6111418.181818182,1766865.4545454546,16135.757575757576,395326.0606060606,0.0,0.023771826475231694
0.8300000000000001,6954939.796484737,12638634.271970397,2005531.9444958372,8176.843663274745,6857586.856614246,0.0,0.08520821764294886
0.44,3184503.466666667,6177860.266666667,2863377.066666667,19114.666666666668,753117.8666666667,0.0,0.03901484015858854
0.04,3932160.0,6600411.428571428,2713892.5714285714,10532.57142857143,1632548.5714285714,0.0,0.048174729744784324
0.34,1933447.9668049794,6179691.286307054,1758050.7883817428,16316.016597510374,399742.4066390041,0.0,0.02368757458405385
0.72,10537865.392359005,16434284.671922376,2243256.7422680412,8187.032140691328,10646052.948453609,0.0,0.12910431349787724
2.12,4723216.516129033,7537829.161290322,2831657.290322581,19158.709677419356,2100587.35483871,0.0,0.05786633280197584
1.85,13667056.09039548,16447337.581920903,3227578.5762711866,12149.152542372882,10716848.451977402,0.0,0.1674414910791044
0.18000000000000002,1952641.219047619,6175890.285714285,1777351.9238095237,16305.980952380953,399496.5333333333,0.0,0.02392272008670689
0.6599999999999999,5890605.235340109,11267263.34949179,2008820.5910867865,8185.5949960906955,5480047.687255668,0.0,0.0721685575474353
2.48,5369958.4,8325017.6,3091831.466666667,20394.666666666668,2537011.2,0.0,0.06578986985797473
0.05,4690432.0,6985216.0,2413568.0,9216.0,2638336.0,0.0,0.05746467437395434
0.06999999999999999,2011016.0334728034,6192457.90794979,1831169.0711297072,16349.723849372385,400568.2343096234,0.0,0.02463789721806326
0.5499999999999999,4173148.100291545,9012601.95451895,1842282.8781341107,8015.262973760933,3345381.131195335,0.0,0.051127187580492034
1.04,3565547.3131313133,6642222.545454546,2941714.101010101,20066.262626262625,947417.2121212122,0.0,0.043683186391790585
1.41,10593857.443609023,13502725.77443609,3138644.6917293235,12103.218045112782,7794041.263157895,0.0,0.12979029828405642
0.22,1904167.3846153845,6086104.615384615,1731426.4615384615,16068.923076923076,393688.6153846154,0.0,0.02332884448818947
1.08,7728156.8981595095,13767078.164417177,2125668.201226994,8181.948466257669,7982440.598773006,0.0,0.09471278708242883
7.13,8348223.718887262,11439060.521229869,3120672.234260615,20450.014641288435,5635346.366032211,0.0,0.10227799008849942
0.62,9915677.37704918,12766023.344262294,3106110.950819672,12086.557377049181,7065197.1147540985,0.0,0.12148159736018266
0.17,1922549.746328438,6197155.033377837,1742566.3658210947,16362.125500667556,400872.07476635516,0.0,0.02355405539201747
1.1400000000000001,6840240.355555556,12520702.103703704,2024429.037037037,8184.414814814815,6734320.82962963,0.0,0.08380298119055557
8.299999999999999,8464113.705583757,11619146.07106599,3074650.964467005,20454.010152284263,5814297.989847716,0.0,0.10369781247345616
0.07,5196800.0,7676928.0,2770432.0,10752.0,2605568.0,0.0,0.06366842537884908
0.19,1953269.1063829786,6139424.680851064,1779014.8085106383,16209.702127659575,397137.7021276596,0.0,0.023930412627877873
1.08,9327972.8990228,15902132.951140065,2139339.4657980455,8178.657980456026,10119821.758957654,0.0,0.11428135515266305
11.47,10587591.529411765,13616448.0,3040722.8235294116,20442.352941176472,7814870.588235294,0.0,0.1297135316410272
1.32,12891932.444444444,15755589.07936508,3250728.634920635,12190.47619047619,10005747.80952381,0.0,0.15794508906024388
0.19999999999999998,1952705.306122449,6163226.12244898,1773707.3197278911,16272.544217687075,398677.3333333333,0.0,0.023923505247409885
0.74,13853518.550079491,21414239.64387917,2269001.666136725,8178.976152623211,15631703.503974563,0.0,0.1697667774882771
0.43,3262756.5714285714,6461537.523809524,2922886.095238095,19992.380952380954,787699.8095238095,0.0,0.03997355551442222
0.69,15715679.52238806,18654039.880597014,3062218.5074626864,12104.597014925374,12944704.95522388,0.0,0.1925401341111977
0.29000000000000004,2022032.9056603773,6176169.0566037735,1842659.0188679246,16306.716981132075,399514.56603773584,0.0,0.024772870067659915
0.8200000000000001,14011470.76923077,20309288.32234432,2733146.021978022,8184.4981684981685,14522848.117216118,0.0,0.17166401733225575
4.45,6550302.046948357,9654608.525821596,3154689.2018779344,20431.924882629108,3856028.244131455,0.0,0.08025081147726518
0.51,8203144.930232558,9820969.674418604,1821862.6976744186,6858.418604651163,6575794.604651162,0.0,0.10050056205018396
0.35000000000000003,2022423.1674208145,6177361.085972851,1843014.6606334841,16309.864253393665,399591.6742081448,0.0,0.024777651346864916
1.01,9318964.439478585,15699937.489757914,2200444.4245810057,8161.489757914339,9929764.230912477,0.0,0.11421883409487475
1.72,4312113.951219512,7148294.243902439,3142830.8292682925,20355.121951219513,1371510.6341463414,0.0,0.05282972316200596
0.14,15350052.57142857,18173659.42857143,2992128.0,11410.285714285714,12791808.0,0.0,0.18806066746948322
0.18,1948991.311827957,6138714.838709678,1770705.2043010753,16207.827956989247,397091.7849462366,0.0,0.023878003367676877
0.55,9793408.0,16440749.714285715,2173622.8571428573,8173.714285714285,10661933.714285715,0.0,0.11998361808278622
3.16,5201160.476821192,8177650.437086092,3151641.430463576,20412.185430463574,2384672.2119205296,0.0,0.06372184761813221
1.0,9548245.333333334,12659754.666666666,3100714.6666666665,12160.0,6924288.0,0.0,0.11698001568355099
0.16999999999999998,1915446.0301507537,6174256.88442211,1740203.0954773868,16301.668341708542,399390.8743718593,0.0,0.023467024445402242
1.1300000000000001,10082216.0,16561696.0,2179912.0,8176.0,10781264.0,0.0,0.12352193985711162
1.28,3846543.6097560977,6996534.113821139,2945456.9105691058,20313.49593495935,1231563.9674796748,0.0,0.047125803337485596
1.1,13820528.152380953,16850163.80952381,3156182.5523809525,12170.971428571429,11109522.285714285,0.0,0.16932174903135605
0.25,1965766.9299363056,6165914.904458599,1786690.8535031846,16279.64331210191,398851.2611464968,0.0,0.024083529304737283
0.7300000000000001,4922855.698854337,10087770.9198036,1948331.78396072,8185.296235679214,4300766.481178396,0.0,0.06031220572532164
5.1,6817981.240246407,9800205.667351129,3067542.340862423,20395.8932238193,4011851.1704312116,0.0,0.08353027436672969
0.03,3173376.0,5458944.0,2310144.0,9216.0,1112064.0,0.0,0.03887851236434548
0.07,1900195.4042553192,6073409.361702127,1723805.9574468085,16035.404255319148,392867.40425531915,0.0,0.02328018190060456
0.73,11951482.157676348,19211336.232365146,2208440.8298755186,8175.004149377593,13431608.298755188,0.0,0.14642319310396087
1.67,4472166.4,7661184.0,3048729.6,20352.0,1885286.4,0.0,0.05479060050804276
1.64,15773043.770700637,18698474.80254777,3166286.2675159234,12209.732484076432,12939550.98089172,0.0,0.19324293032484793
0.13,1916561.1940298507,6112821.492537313,1739027.1044776118,16139.462686567163,395416.8358208955,0.0,0.023480686839225585
0.85,13733003.636363637,22387758.545454547,2278050.909090909,8176.484848484848,16606983.757575758,0.0,0.16824944528349758
3.67,5849350.417827298,8768463.509749305,3020132.545961003,20080.66852367688,3068885.2144846795,0.0,0.07166312549880303
0.9,9652523.146067416,12649414.471910112,3106885.033707865,11873.797752808989,7048939.865168539,0.0,0.11825757189866958
0.28,1957418.8546255506,6178103.259911894,1777988.792951542,16311.823788546255,399639.6828193833,0.0,0.02398125313286627
0.73,12153511.902834008,19827782.477732792,2186882.5910931174,8175.417004048583,14047762.655870445,0.0,0.1488983539248271
2.06,4686011.1269035535,7709067.045685279,2978977.1370558375,20376.040609137057,1926346.7208121826,0.0,0.05741051219167878
0.6900000000000001,13813511.757575758,16732097.93939394,3001002.6666666665,12101.818181818182,11024073.696969697,0.0,0.16923578789968166
0.15,1998848.0,6154989.268292683,1824151.9349593497,16250.796747967479,398144.52032520325,0.0,0.024488820953598753
0.75,10175759.19946631,16002894.388258839,2883775.2741827886,8186.535023348899,10215014.126751168,0.0,0.12466798130856484
1.72,4659751.856287425,7634232.718562874,2954270.6586826346,20234.730538922155,1891370.9221556885,0.0,0.057088797595826336
0.53,9996467.649122806,12873081.263157895,2755817.543859649,10994.526315789473,7685173.894736842,0.0,0.12247139673842632
0.21000000000000002,1970055.5294117648,6179366.722689075,1790588.7731092437,16315.159663865546,399721.4117647059,0.0,0.02413607094106804
0.98,9817347.042444821,16302316.441426147,2264079.6468590833,8178.09168081494,10520405.623089982,0.0,0.12028252959051232
8.23,8601114.122448979,11702867.591836736,3100807.836734694,20453.877551020407,5898057.142857143,0.0,0.10537626860377797
0.09999999999999999,3935310.769230769,6326744.615384615,2429243.076923077,9452.307692307691,1868406.1538461538,0.0,0.04821333129105419
0.02,1988074.0856031128,6197391.439688716,1808083.8391699092,16362.749675745785,400887.3670557717,0.0,0.024356824693435548
0.94,11384304.911591355,18665753.650294695,2215992.3300589393,8175.905697445973,12885388.322200393,0.0,0.13947443960778177
6.529999999999999,7254831.2552166935,10471400.988764046,2985280.5136436597,20447.12680577849,4668506.401284109,0.0,0.08888232804974454
0.19,4986265.6,7710515.2,2808627.2,11059.2,2494259.2,0.0,0.06108907005709709
0.07,1864527.448275862,5890542.344827586,1697368.2758620689,15536.551724137931,385588.9655172414,0.0,0.022843197103480553
0.8300000000000001,27406782.760448523,42347232.94597349,2648370.886850153,8183.649337410805,36561392.86442406,0.0,0.3357766795498568
1.65,4518866.918238994,7571674.968553459,3060819.7232704405,20351.19496855346,1796005.8364779875,0.0,0.055362750381167225
0.88,10907214.305882353,13792581.270588236,2967624.282352941,11998.870588235293,8133113.976470588,0.0,0.1336293796423156
0.19999999999999998,1997398.0884955751,6150524.601769911,1822828.7433628319,16239.008849557522,397855.7168141593,0.0,0.024471057410182535
0.78,17118249.048754063,27012516.4723727,2702108.5677139764,8183.124593716143,21227047.384615384,0.0,0.2097236688302699
4.2,6506490.918114144,9639768.297766749,3113407.205955335,20429.181141439207,3841966.6898263027,0.0,0.0797140608640139
3.44,17967840.780487806,20895094.63414634,3123836.8780487804,12250.536585365853,15116924.878048781,0.0,0.2201324141686279
0.05,1966288.9795918367,6142119.183673469,1791958.2040816327,16216.816326530612,397312.0,0.0,0.024089925179032492
0.75,10905608.393442623,16741118.601092895,2814707.4098360655,8186.404371584699,10953330.710382514,0.0,0.1336097048585371
9.39,10169588.869565217,13101973.147826087,3011833.3217391307,20034.782608695652,7415255.930434783,0.0,0.12461169487819326
0.13,7847025.777777778,9792625.777777778,2110350.222222222,8192.0,5924636.444444444,0.0,0.09613757989115408
0.05,2007127.8498659518,6180485.147453083,1827628.6112600537,16318.112600536193,399793.7587131367,0.0,0.024590261263662247
0.63,6845529.314401623,12354790.555780932,2113170.434077079,8175.38336713996,6574773.744421907,0.0,0.08386777869702586
0.89,3859185.2873563217,6975911.724137931,2959760.1839080458,20244.597701149425,1230494.896551724,0.0,0.047280682437499645
0.43,7844792.558139535,10749428.093023255,3084383.2558139535,12002.232558139534,5088375.069767442,0.0,0.09611021967373337
0.17,1989510.8817204302,6138714.838709678,1815276.7311827957,16207.827956989247,397091.7849462366,0.0,0.024374427554115154
0.7999999999999999,9502342.412825651,16009712.609218437,2109661.627254509,8175.583166332665,10229575.310621243,0.0,0.11646912691007641
1.35,4242290.215384616,7146511.753846154,3080885.1692307694,20322.46153846154,1378997.1692307692,0.0,0.05197427994412664
4.22,19853728.7146402,22731153.46898263,3113366.5508684865,12257.508684863524,16949695.205955334,0.0,0.24323730856680864
0.05,1874329.6,6091608.4363636365,1702372.0727272728,16086.10909090909,393402.1818181818,0.0,0.022963287845013867
0.84,11586849.597042514,18930455.186691314,2254495.9408502774,8161.715341959334,13160122.439926064,0.0,0.14200340123461427
1.57,4066041.435897436,7009306.256410256,2941978.2564102565,19561.02564102564,1457624.6153846155,0.0,0.04981497378170121
3.62,20127624.23391813,23073774.03508772,3148734.128654971,12252.070175438597,17294880.935672514,0.0,0.24659293057087475
0.07,1895951.5151515151,6111418.181818182,1718458.1818181819,16135.757575757576,395326.0606060606,0.0,0.023228188031931194
0.78,8429459.340253748,14682756.871972319,2076695.6216839678,8182.551326412918,8897693.084198385,0.0,0.10327324564905083
2.96,4859976.624113475,8006895.659574468,3128399.8865248226,20407.375886524824,2226989.390070922,0.0,0.059541844795897005
2.86,21602123.29411765,24558802.82352941,3060615.529411765,12242.823529411764,18784271.05882353,0.0,0.2646577076231975
0.32999999999999996,1968761.6860986548,6150575.641255605,1794194.941704036,16237.058295964125,398450.798206278,0.0,0.02412021946199772
0.76,10745229.635738831,17608345.07216495,2182696.467353952,8177.92439862543,11826552.52233677,0.0,0.13164482974939112
3.57,5449113.6,8475105.88235294,3140559.811764706,20419.764705882353,2679976.6588235293,0.0,0.06675963720413923
2.8,21148614.47191011,24035512.08988764,3121642.906367041,12241.977528089888,18261379.355805244,0.0,0.2591015591076927
0.18,1937408.0,6116135.240875913,1763821.3138686132,16144.817518248175,396594.45255474455,0.0,0.023736090801336433
0.91,9481753.784172662,16003933.928057553,2082300.3165467626,8074.1294964028775,10295450.705035971,0.0,0.11616539664182128
6.16,7568180.579124579,10610012.228956228,3016752.2693602694,20411.043771043773,4817289.05050505,0.0,0.09272131705196399
1.55,10852625.066666666,13961871.36,3018915.84,12206.08,8204670.293333333,0.0,0.1329605813619332
0.03,1819917.4736842106,5878837.894736842,1653059.3684210526,15521.684210526315,380281.2631578947,0.0,0.02229665945753671
0.78,18229196.3697479,26154622.00240096,2841298.8235294116,8187.082833133253,20366354.43937575,0.0,0.22333440362986554
0.96,3925885.276595745,6995270.808510638,2994742.4680851065,20262.127659574468,1244878.9787234042,0.0,0.04809785517604267
1.36,17840506.09230769,20849837.292307694,3133597.5384615385,12193.476923076923,15098580.676923078,0.0,0.218572377397436
0.26,1968010.052356021,6172950.785340314,1788729.6335078534,16298.219895287959,399306.387434555,0.0,0.024111010845761668
1.02,10468581.146853147,17324375.72027972,2190615.272727273,8177.6783216783215,11542757.146853147,0.0,0.1282554798281337
6.63,7197562.717460318,10306361.7015873,3040688.355555556,20447.492063492064,4503363.453968254,0.0,0.08820730886162252
3.46,18063397.80923077,20797748.775384616,3266641.92,12250.190769230769,15019742.12923077,0.0,0.22131331879187272
0.3,1983058.0763358779,6181755.114503817,1807602.3206106871,16321.465648854963,399875.90839694656,0.0,0.024295371219811353
0.7000000000000001,21838570.51994498,30518411.44429161,2463774.9876203574,8158.195323246217,24750539.18019257,0.0,0.26755453308379173
3.21,5234222.545454546,8419367.896103896,2970663.896103896,20347.012987012986,2644885.6103896103,0.0,0.06412690647159107
3.92,22835298.56684492,25714677.04812834,3214845.2620320856,12255.144385026739,19934333.946524065,0.0,0.27976591417928415
0.3,2029014.6991037133,6197494.494238156,1849021.4596670936,16363.021766965428,400894.033290653,0.0,0.024858407281879852
0.76,6090261.974248927,11182020.669527898,2004163.5708154507,8187.605150214592,5393383.828326181,0.0,0.07461464555978917
0.23,1945600.0,3662349.128205128,1751407.5897435897,11552.820512820514,382608.41025641025,0.0,0.02383645482163809
0.11,4417194.666666667,6867968.0,2560000.0,10240.0,2036053.3333333333,0.0,0.054117116113476915
0.5700000000000001,2036869.5652173914,6171714.782608695,1857625.043478261,16294.95652173913,399226.4347826087,0.0,0.024954640917389814
0.7899999999999999,8600541.211225998,14867288.10635155,2180403.048744461,8179.899556868538,9084099.119645495,0.0,0.10540720113565348
1.58,4132001.6842105263,7115398.736842105,2946694.736842105,20210.526315789473,1379651.3684210526,0.0,0.050623083608458255
0.35,5877994.057142857,9005699.657142857,2960120.685714286,11936.914285714285,3375455.0857142857,0.0,0.0720140521098596
0.5700000000000001,1941805.8105263158,6198052.828070176,1766008.3649122808,16364.837426900585,400847.4947368421,0.0,0.02378997043328749
1.13,10658057.653092006,17438389.478129715,2197049.9185520364,8179.644042232278,11655381.140271492,0.0,0.13057684505260161
